"","sciname","BodyShapeI","AnaCat","LongevityWild","Length","LTypeMaxM","CommonLengthF","Weight","SpecCode","FecundityMin","FecundityMax","FecundityType","PlaceofDevelopment","LarvalDurationMin","LarvalDurationMax"
"1","Acipenser brevirostrum","elongated","anadromous",67,143,"TL",NA,23000,2590,48000,99000,NA,"in close association with substrate",NA,NA
"2","Acipenser brevirostrum","elongated","anadromous",67,143,"TL",NA,23000,2590,NA,30000,NA,"in close association with substrate",NA,NA
"3","Ambassis ambassis","short and / or deep","oceanodromous",NA,15,"TL",NA,NA,61467,NA,NA,NA,NA,NA,NA
"4","Anguilla australis australis","eel-like","catadromous",32,130,"TL",65,7480,297,5000000,10000000,NA,"planktonic",540,360
"5","Apogon dovii","fusiform / normal",NA,NA,7.5,"TL",NA,NA,8256,NA,NA,NA,NA,NA,NA
"6","Apogon pacificus","fusiform / normal",NA,NA,10,"TL",NA,NA,25508,NA,NA,NA,NA,NA,NA
"7","Lipophrys pholis","fusiform / normal","non-migratory",10,5.52,"TL",NA,NA,9200,NA,NA,NA,NA,NA,NA
"8","Lipophrys trigloides","elongated",NA,NA,13,"TL",NA,NA,16301,NA,NA,NA,NA,NA,NA
"9","Carpiodes cyprinus","fusiform / normal",NA,11,66,"TL",NA,2940,4775,NA,63779,NA,NA,NA,NA
"10","Catostomus clarkii","elongated",NA,NA,33,"TL",NA,NA,2963,NA,NA,NA,NA,NA,NA
"11","Catostomus commersonii","fusiform / normal",NA,12,65,"TL",NA,2940,2965,NA,50000,NA,"in close association with substrate",NA,NA
"12","Hypentelium nigricans","elongated","potamodromous",NA,61,"TL",NA,480,2990,NA,NA,NA,NA,NA,NA
"13","Ambloplites rupestris","short and / or deep",NA,18,43,"TL",NA,1360,3361,NA,5000,NA,"in open nest",NA,NA
"14","Ambloplites rupestris","short and / or deep",NA,18,43,"TL",NA,1360,3361,3000,11000,NA,"in open nest",NA,NA
"15","Lepomis cyanellus","short and / or deep",NA,9,31,"TL",NA,960,3371,NA,NA,NA,NA,NA,NA
"16","Lepomis gibbosus","short and / or deep","potamodromous",12,40,"TL",NA,630,3372,600,NA,NA,"in close association with substrate",NA,NA
"17","Lepomis macrochirus","short and / or deep",NA,10,41,"TL",NA,2150,3375,NA,NA,NA,NA,NA,NA
"18","Lepomis megalotis","short and / or deep",NA,6,24,"TL",NA,790,3377,NA,NA,NA,NA,NA,NA
"19","Micropterus dolomieu","fusiform / normal",NA,26,69,"TL",NA,5410,3382,5000,14000,NA,"in open nest",NA,NA
"20","Micropterus punctulatus","fusiform / normal",NA,7,63.5,"TL",NA,4650,3384,NA,NA,NA,NA,NA,NA
"21","Micropterus salmoides","fusiform / normal",NA,23,97,"TL",NA,10090,3385,10000,25000,NA,"in close association with substrate",NA,NA
"22","Pomoxis annularis","short and / or deep",NA,10,53,"TL",NA,2350,3387,NA,147800,NA,NA,NA,NA
"23","Pomoxis nigromaculatus","short and / or deep",NA,15,49,"TL",NA,2720,3388,26700,65520,NA,NA,NA,NA
"24","Lates calcarifer","fusiform / normal","catadromous",NA,200,"TL",NA,60000,346,15300000,47700000,NA,"planktonic",NA,NA
"25","Chaenocephalus aceratus","elongated",NA,NA,72,"TL",NA,3700,473,7358,22626,NA,"planktonic",NA,NA
"26","Chaenocephalus aceratus","elongated",NA,NA,72,"TL",NA,3700,473,6711,19672,NA,"planktonic",NA,NA
"27","Chaenocephalus aceratus","elongated",NA,NA,72,"TL",NA,3700,473,5898,18039,NA,"planktonic",NA,NA
"28","Chaenocephalus aceratus","elongated",NA,NA,72,"TL",NA,3700,473,3082,22626,NA,"planktonic",NA,NA
"29","Chaenocephalus aceratus","elongated",NA,NA,72,"TL",NA,3700,473,4499,15174,NA,"planktonic",NA,NA
"30","Chaenocephalus aceratus","elongated",NA,NA,72,"TL",NA,3700,473,9284,NA,NA,"planktonic",NA,NA
"31","Chaenocephalus aceratus","elongated",NA,NA,72,"TL",NA,3700,473,9292,9425,NA,"planktonic",NA,NA
"32","Chaenocephalus aceratus","elongated",NA,NA,72,"TL",NA,3700,473,7375,12450,NA,"planktonic",NA,NA
"33","Chionodraco rastrospinosus","elongated",NA,NA,52,"TL",NA,NA,476,2510,4094,NA,"planktonic",NA,NA
"34","Chionodraco rastrospinosus","elongated",NA,NA,52,"TL",NA,NA,476,1464,5216,NA,"planktonic",NA,NA
"35","Gymnocharacinus bergii","elongated",NA,NA,7.5,"TL",NA,NA,6183,NA,200,NA,NA,NA,NA
"36","Etroplus suratensis","short and / or deep",NA,NA,40,"TL",NA,NA,4681,1300,6000,NA,NA,NA,NA
"37","Oreochromis mossambicus","fusiform / normal","amphidromous",11,39,"SL",NA,1130,3,NA,NA,NA,"in mouth (mouthbrooders)",NA,NA
"38","Oreochromis mossambicus","fusiform / normal","amphidromous",11,39,"SL",NA,1130,3,NA,NA,NA,"in mouth (mouthbrooders)",NA,NA
"39","Oreochromis mossambicus","fusiform / normal","amphidromous",11,39,"SL",NA,1130,3,743,1236,NA,"in mouth (mouthbrooders)",NA,NA
"40","Oreochromis mossambicus","fusiform / normal","amphidromous",11,39,"SL",NA,1130,3,318,3169,NA,"in mouth (mouthbrooders)",NA,NA
"41","Oreochromis mossambicus","fusiform / normal","amphidromous",11,39,"SL",NA,1130,3,360,1775,NA,"in mouth (mouthbrooders)",NA,NA
"42","Oreochromis mossambicus","fusiform / normal","amphidromous",11,39,"SL",NA,1130,3,660,1754,NA,"in mouth (mouthbrooders)",NA,NA
"43","Oreochromis mossambicus","fusiform / normal","amphidromous",11,39,"SL",NA,1130,3,NA,300,NA,"in mouth (mouthbrooders)",NA,NA
"44","Cirrhitichthys oxycephalus","short and / or deep",NA,NA,10,"TL",NA,NA,5830,NA,NA,NA,NA,NA,NA
"45","Alosa pseudoharengus","fusiform / normal","anadromous",9,40,"SL",NA,200,1583,NA,360000,NA,"in close association with substrate",NA,NA
"46","Alosa pseudoharengus","fusiform / normal","anadromous",9,40,"SL",NA,200,1583,NA,360000,NA,"in close association with substrate",NA,NA
"47","Alosa pseudoharengus","fusiform / normal","anadromous",9,40,"SL",NA,200,1583,68400,456700,NA,"in close association with substrate",NA,NA
"48","Alosa pseudoharengus","fusiform / normal","anadromous",9,40,"SL",NA,200,1583,48000,660000,NA,"in close association with substrate",NA,NA
"49","Alosa pseudoharengus","fusiform / normal","anadromous",9,40,"SL",NA,200,1583,2180,10011,NA,"in close association with substrate",NA,NA
"50","Alosa pseudoharengus","fusiform / normal","anadromous",9,40,"SL",NA,200,1583,11147,22407,NA,"in close association with substrate",NA,NA
"51","Alosa pseudoharengus","fusiform / normal","anadromous",9,40,"SL",NA,200,1583,NA,NA,NA,"in close association with substrate",NA,NA
"52","Dorosoma cepedianum","fusiform / normal","anadromous",10,57,"FL",NA,1980,1604,NA,378990,NA,"planktonic",NA,NA
"53","Dorosoma cepedianum","fusiform / normal","anadromous",10,57,"FL",NA,1980,1604,22405,543912,NA,"planktonic",NA,NA
"54","Sardinops sagax","fusiform / normal","oceanodromous",25,39.5,"SL",NA,486,1477,30000,65000,NA,"planktonic",NA,NA
"55","Sardinops sagax","fusiform / normal","oceanodromous",25,39.5,"SL",NA,486,1477,10000,45000,NA,"planktonic",NA,NA
"56","Cottus bairdii","elongated",NA,2,15,"TL",NA,NA,4065,NA,949,NA,NA,NA,NA
"57","Cottus carolinae","elongated",NA,NA,18,"TL",NA,NA,4067,NA,NA,NA,NA,NA,NA
"58","Cottus gobio","fusiform / normal","potamodromous",10,18,"TL",NA,NA,2439,100,500,NA,"in close association with substrate",NA,NA
"59","Cottus gobio","fusiform / normal","potamodromous",10,18,"TL",NA,NA,2439,50,NA,NA,"in close association with substrate",NA,NA
"60","Cottus gobio","fusiform / normal","potamodromous",10,18,"TL",NA,NA,2439,50,600,NA,"in close association with substrate",NA,NA
"61","Agosia chrysogaster","fusiform / normal",NA,NA,10,"TL",NA,NA,2742,NA,NA,NA,NA,NA,NA
"62","Campostoma anomalum","fusiform / normal",NA,NA,22,"TL",NA,NA,2743,NA,623,NA,NA,NA,NA
"63","Carassius auratus","fusiform / normal","potamodromous",41,48,"TL",NA,NA,271,160000,380000,NA,"in close association with substrate",NA,NA
"64","Carassius auratus","fusiform / normal","potamodromous",41,48,"TL",NA,NA,271,2000,400000,NA,"in close association with substrate",NA,NA
"65","Carassius auratus","fusiform / normal","potamodromous",41,48,"TL",NA,NA,271,10000,80000,NA,"in close association with substrate",NA,NA
"66","Carassius carassius","fusiform / normal","potamodromous",10,64,"TL",NA,3000,270,130000,250000,NA,"in close association with substrate",NA,NA
"67","Carassius carassius","fusiform / normal","potamodromous",10,64,"TL",NA,3000,270,10000,300000,NA,"in close association with substrate",NA,NA
"68","Carassius carassius","fusiform / normal","potamodromous",10,64,"TL",NA,3000,270,200000,300000,NA,"in close association with substrate",NA,NA
"69","Chrosomus erythrogaster","elongated",NA,3,9.1,"TL",NA,NA,2928,NA,1020,NA,NA,NA,NA
"70","Couesius plumbeus","fusiform / normal",NA,5,23,"TL",NA,NA,2748,NA,6630,NA,NA,NA,NA
"71","Couesius plumbeus","fusiform / normal",NA,5,23,"TL",NA,NA,2748,450,2450,NA,NA,NA,NA
"72","Couesius plumbeus","fusiform / normal",NA,5,23,"TL",NA,NA,2748,214,1590,NA,NA,NA,NA
"73","Ctenopharyngodon idella","fusiform / normal","potamodromous",21,150,"TL",NA,45000,79,NA,600000,NA,"planktonic",NA,NA
"74","Ctenopharyngodon idella","fusiform / normal","potamodromous",21,150,"TL",NA,45000,79,NA,NA,NA,"planktonic",NA,NA
"75","Ctenopharyngodon idella","fusiform / normal","potamodromous",21,150,"TL",NA,45000,79,50000,200000,NA,"planktonic",NA,NA
"76","Ctenopharyngodon idella","fusiform / normal","potamodromous",21,150,"TL",NA,45000,79,NA,1500000,NA,"planktonic",NA,NA
"77","Cyprinella lutrensis","fusiform / normal",NA,3,9,"TL",NA,NA,2876,NA,684,NA,NA,NA,NA
"78","Cyprinella spiloptera","fusiform / normal",NA,5,12,"TL",NA,NA,2903,NA,7474,NA,NA,NA,NA
"79","Cyprinus carpio","fusiform / normal","potamodromous",38,120,"TL",NA,40090,1450,36000,2208000,NA,"in close association with substrate",NA,NA
"80","Cyprinus carpio","fusiform / normal","potamodromous",38,120,"TL",NA,40090,1450,100000,1000000,NA,"in close association with substrate",NA,NA
"81","Cyprinus carpio","fusiform / normal","potamodromous",38,120,"TL",NA,40090,1450,42320,416650,NA,"in close association with substrate",NA,NA
"82","Cyprinus carpio","fusiform / normal","potamodromous",38,120,"TL",NA,40090,1450,54747,NA,NA,"in close association with substrate",NA,NA
"83","Cyprinus carpio","fusiform / normal","potamodromous",38,120,"TL",NA,40090,1450,156197,NA,NA,"in close association with substrate",NA,NA
"84","Cyprinus carpio","fusiform / normal","potamodromous",38,120,"TL",NA,40090,1450,29427,NA,NA,"in close association with substrate",NA,NA
"85","Cyprinus carpio","fusiform / normal","potamodromous",38,120,"TL",NA,40090,1450,211443,NA,NA,"in close association with substrate",NA,NA
"86","Cyprinus carpio","fusiform / normal","potamodromous",38,120,"TL",NA,40090,1450,138194,NA,NA,"in close association with substrate",NA,NA
"87","Cyprinus carpio","fusiform / normal","potamodromous",38,120,"TL",NA,40090,1450,522712,NA,NA,"in close association with substrate",NA,NA
"88","Cyprinus carpio","fusiform / normal","potamodromous",38,120,"TL",NA,40090,1450,208528,NA,NA,"in close association with substrate",NA,NA
"89","Cyprinus carpio","fusiform / normal","potamodromous",38,120,"TL",NA,40090,1450,658596,NA,NA,"in close association with substrate",NA,NA
"90","Cyprinus carpio","fusiform / normal","potamodromous",38,120,"TL",NA,40090,1450,602872,NA,NA,"in close association with substrate",NA,NA
"91","Cyprinus carpio","fusiform / normal","potamodromous",38,120,"TL",NA,40090,1450,408790,NA,NA,"in close association with substrate",NA,NA
"92","Cyprinus carpio","fusiform / normal","potamodromous",38,120,"TL",NA,40090,1450,582082,NA,NA,"in close association with substrate",NA,NA
"93","Cyprinus carpio","fusiform / normal","potamodromous",38,120,"TL",NA,40090,1450,25083,NA,NA,"in close association with substrate",NA,NA
"94","Cyprinus carpio","fusiform / normal","potamodromous",38,120,"TL",NA,40090,1450,367783,NA,NA,"in close association with substrate",NA,NA
"95","Cyprinus carpio","fusiform / normal","potamodromous",38,120,"TL",NA,40090,1450,38750,NA,NA,"in close association with substrate",NA,NA
"96","Cyprinus carpio","fusiform / normal","potamodromous",38,120,"TL",NA,40090,1450,305825,NA,NA,"in close association with substrate",NA,NA
"97","Cyprinus carpio","fusiform / normal","potamodromous",38,120,"TL",NA,40090,1450,159193,NA,NA,"in close association with substrate",NA,NA
"98","Cyprinus carpio","fusiform / normal","potamodromous",38,120,"TL",NA,40090,1450,208035,NA,NA,"in close association with substrate",NA,NA
"99","Cyprinus carpio","fusiform / normal","potamodromous",38,120,"TL",NA,40090,1450,831978,NA,NA,"in close association with substrate",NA,NA
"100","Cyprinus carpio","fusiform / normal","potamodromous",38,120,"TL",NA,40090,1450,NA,NA,NA,"in close association with substrate",NA,NA
"101","Danio rerio","fusiform / normal",NA,NA,3.8,"SL",NA,NA,4653,400,500,NA,NA,NA,NA
"102","Gila robusta","fusiform / normal",NA,8,43,"TL",NA,NA,2769,NA,10000,NA,NA,NA,NA
"103","Gobio gobio","fusiform / normal","potamodromous",8,21,"TL",NA,220,4478,1000,3000,NA,"in close association with substrate",NA,NA
"104","Gobio gobio","fusiform / normal","potamodromous",8,21,"TL",NA,220,4478,1000,3000,NA,"in close association with substrate",NA,NA
"105","Hybognathus placitus","fusiform / normal",NA,NA,13,"TL",NA,NA,2776,NA,NA,NA,NA,NA,NA
"106","Hypophthalmichthys nobilis","fusiform / normal","potamodromous",20,146,"SL",NA,40000,275,50000,200000,NA,NA,NA,NA
"107","Hypophthalmichthys nobilis","fusiform / normal","potamodromous",20,146,"SL",NA,40000,275,NA,1100000,NA,NA,NA,NA
"108","Labeo rohita","fusiform / normal","potamodromous",10,200,"TL",NA,45000,82,260972,2984024,NA,"planktonic",NA,NA
"109","Leuciscus idus","fusiform / normal","potamodromous",18,85,"SL",NA,4000,2801,39000,114000,NA,"in close association with substrate",NA,NA
"110","Leuciscus idus","fusiform / normal","potamodromous",18,85,"SL",NA,4000,2801,100000,NA,NA,"in close association with substrate",NA,NA
"111","Luxilus chrysocephalus","fusiform / normal",NA,4,24,"TL",NA,NA,2849,NA,NA,NA,NA,NA,NA
"112","Luxilus cornutus","fusiform / normal",NA,6,18,"TL",NA,NA,2851,NA,3940,NA,NA,NA,NA
"113","Meda fulgida","elongated",NA,NA,9.1,"TL",NA,NA,2802,NA,NA,NA,NA,NA,NA
"114","Notemigonus crysoleucas","fusiform / normal",NA,9,32,"TL",NA,NA,276,NA,200000,NA,NA,NA,NA
"115","Notemigonus crysoleucas","fusiform / normal",NA,9,32,"TL",NA,NA,276,NA,NA,NA,NA,NA,NA
"116","Notropis atherinoides","elongated",NA,4,13,"TL",NA,NA,2824,NA,2990,NA,NA,NA,NA
"117","Notropis hudsonius","elongated",NA,5,15,"TL",NA,NA,2867,NA,8898,NA,NA,NA,NA
"118","Notropis rubellus","fusiform / normal",NA,3,9,"TL",NA,NA,2893,NA,900,NA,NA,NA,NA
"119","Notropis stramineus","fusiform / normal",NA,3,8.2,"TL",NA,NA,2905,NA,2600,NA,NA,NA,NA
"120","Pimephales notatus","elongated",NA,5,11,"TL",NA,NA,2931,NA,NA,NA,NA,NA,NA
"121","Pimephales promelas","fusiform / normal",NA,5,10.1,"TL",NA,NA,4785,NA,10164,NA,NA,NA,NA
"122","Rhinichthys atratulus","fusiform / normal",NA,3,12.4,"TL",NA,NA,2943,NA,2674,NA,NA,NA,NA
"123","Rhinichthys cobitis","elongated",NA,5,6,"TL",NA,NA,2956,NA,1200,NA,NA,NA,NA
"124","Rhinichthys osculus","elongated",NA,NA,11,"TL",NA,NA,2947,NA,NA,NA,NA,NA,NA
"125","Rutilus rutilus","fusiform / normal","potamodromous",14,50.2,"TL",NA,1840,272,5000,200000,NA,"in close association with substrate",NA,NA
"126","Rutilus rutilus","fusiform / normal","potamodromous",14,50.2,"TL",NA,1840,272,NA,NA,NA,"in close association with substrate",NA,NA
"127","Rutilus rutilus","fusiform / normal","potamodromous",14,50.2,"TL",NA,1840,272,50000,NA,NA,"in close association with substrate",NA,NA
"128","Rutilus rutilus","fusiform / normal","potamodromous",14,50.2,"TL",NA,1840,272,NA,NA,NA,"in close association with substrate",NA,NA
"129","Rutilus rutilus","fusiform / normal","potamodromous",14,50.2,"TL",NA,1840,272,NA,7053,NA,"in close association with substrate",NA,NA
"130","Rutilus rutilus","fusiform / normal","potamodromous",14,50.2,"TL",NA,1840,272,NA,4146,NA,"in close association with substrate",NA,NA
"131","Rutilus rutilus","fusiform / normal","potamodromous",14,50.2,"TL",NA,1840,272,NA,6558,NA,"in close association with substrate",NA,NA
"132","Rutilus rutilus","fusiform / normal","potamodromous",14,50.2,"TL",NA,1840,272,920,32810,NA,"in close association with substrate",NA,NA
"133","Rutilus rutilus","fusiform / normal","potamodromous",14,50.2,"TL",NA,1840,272,NA,49354,NA,"in close association with substrate",NA,NA
"134","Rutilus rutilus","fusiform / normal","potamodromous",14,50.2,"TL",NA,1840,272,20000,34000,NA,"in close association with substrate",NA,NA
"135","Rutilus rutilus","fusiform / normal","potamodromous",14,50.2,"TL",NA,1840,272,NA,16539,NA,"in close association with substrate",NA,NA
"136","Rutilus rutilus","fusiform / normal","potamodromous",14,50.2,"TL",NA,1840,272,11053,17291,NA,"in close association with substrate",NA,NA
"137","Rutilus rutilus","fusiform / normal","potamodromous",14,50.2,"TL",NA,1840,272,4282,5985,NA,"in close association with substrate",NA,NA
"138","Rutilus rutilus","fusiform / normal","potamodromous",14,50.2,"TL",NA,1840,272,NA,10000,NA,"in close association with substrate",NA,NA
"139","Rutilus rutilus","fusiform / normal","potamodromous",14,50.2,"TL",NA,1840,272,NA,7937,NA,"in close association with substrate",NA,NA
"140","Rutilus rutilus","fusiform / normal","potamodromous",14,50.2,"TL",NA,1840,272,7829,95387,NA,"in close association with substrate",NA,NA
"141","Rutilus rutilus","fusiform / normal","potamodromous",14,50.2,"TL",NA,1840,272,3730,139027,NA,"in close association with substrate",NA,NA
"142","Rutilus rutilus","fusiform / normal","potamodromous",14,50.2,"TL",NA,1840,272,8000,733525,NA,"in close association with substrate",NA,NA
"143","Rutilus rutilus","fusiform / normal","potamodromous",14,50.2,"TL",NA,1840,272,NA,NA,NA,"in close association with substrate",NA,NA
"144","Rutilus rutilus","fusiform / normal","potamodromous",14,50.2,"TL",NA,1840,272,NA,NA,NA,"in close association with substrate",NA,NA
"145","Rutilus rutilus","fusiform / normal","potamodromous",14,50.2,"TL",NA,1840,272,16400,47000,NA,"in close association with substrate",NA,NA
"146","Rutilus rutilus","fusiform / normal","potamodromous",14,50.2,"TL",NA,1840,272,17000,27400,NA,"in close association with substrate",NA,NA
"147","Scardinius erythrophthalmus","fusiform / normal","potamodromous",19,NA,NA,NA,NA,2951,563,12284,NA,"in close association with substrate",NA,NA
"148","Scardinius erythrophthalmus","fusiform / normal","potamodromous",19,NA,NA,NA,NA,2951,90000,230000,NA,"in close association with substrate",NA,NA
"149","Scardinius erythrophthalmus","fusiform / normal","potamodromous",19,NA,NA,NA,NA,2951,NA,NA,NA,"in close association with substrate",NA,NA
"150","Scardinius erythrophthalmus","fusiform / normal","potamodromous",19,NA,NA,NA,NA,2951,100000,NA,NA,"in close association with substrate",NA,NA
"151","Scardinius erythrophthalmus","fusiform / normal","potamodromous",19,NA,NA,NA,NA,2951,3000,70900,NA,"in close association with substrate",NA,NA
"152","Scardinius erythrophthalmus","fusiform / normal","potamodromous",19,NA,NA,NA,NA,2951,1807,35629,NA,"in close association with substrate",NA,NA
"153","Semotilus atromaculatus","elongated",NA,8,30.3,"TL",NA,NA,2952,NA,2255,NA,NA,NA,NA
"154","Siphateles bicolor","fusiform / normal",NA,NA,45,"TL",NA,NA,2757,NA,NA,NA,NA,NA,NA
"155","Squalius cephalus","fusiform / normal","potamodromous",22,60,"SL",NA,8000,4482,25000,100000,NA,"in close association with substrate",NA,NA
"156","Squalius cephalus","fusiform / normal","potamodromous",22,60,"SL",NA,8000,4482,20000,100000,NA,"in close association with substrate",NA,NA
"157","Squalius cephalus","fusiform / normal","potamodromous",22,60,"SL",NA,8000,4482,NA,NA,NA,"in close association with substrate",NA,NA
"158","Squalius cephalus","fusiform / normal","potamodromous",22,60,"SL",NA,8000,4482,NA,NA,NA,"in close association with substrate",NA,NA
"159","Squalius cephalus","fusiform / normal","potamodromous",22,60,"SL",NA,8000,4482,2050,20140,NA,"in close association with substrate",NA,NA
"160","Squalius cephalus","fusiform / normal","potamodromous",22,60,"SL",NA,8000,4482,9142,53100,NA,"in close association with substrate",NA,NA
"161","Squalius cephalus","fusiform / normal","potamodromous",22,60,"SL",NA,8000,4482,NA,NA,NA,"in close association with substrate",NA,NA
"162","Squalius cephalus","fusiform / normal","potamodromous",22,60,"SL",NA,8000,4482,NA,NA,NA,"in close association with substrate",NA,NA
"163","Squalius cephalus","fusiform / normal","potamodromous",22,60,"SL",NA,8000,4482,1158,28664,NA,"in close association with substrate",NA,NA
"164","Cyprinodon bovinus","fusiform / normal","non-migratory",NA,5.6,"TL",NA,NA,3169,NA,NA,NA,NA,NA,NA
"165","Cyprinodon dearborni",NA,"non-migratory",NA,4,"TL",NA,NA,49548,NA,NA,NA,NA,NA,NA
"166","Cyprinodon macularius","fusiform / normal",NA,2,5,"TL",NA,NA,3174,NA,NA,NA,NA,NA,NA
"167","Cyprinodon nevadensis","fusiform / normal",NA,NA,7.8,"TL",NA,NA,3175,NA,NA,NA,NA,NA,NA
"168","Gobiomorphus basalis","elongated","non-migratory",NA,9,"TL",NA,NA,22536,NA,NA,NA,NA,NA,NA
"169","Gobiomorphus cotidianus","elongated","amphidromous",NA,15,"TL",NA,NA,10353,200,2000,NA,NA,NA,NA
"170","Esox lucius","elongated","potamodromous",30,137,"FL",55,28350,258,2000,600000,NA,"in close association with substrate",NA,NA
"171","Esox lucius","elongated","potamodromous",30,137,"FL",55,28350,258,25000,125000,NA,"in close association with substrate",NA,NA
"172","Esox lucius","elongated","potamodromous",30,137,"FL",55,28350,258,31000,100000,NA,"in close association with substrate",NA,NA
"173","Esox lucius","elongated","potamodromous",30,137,"FL",55,28350,258,NA,NA,NA,"in close association with substrate",NA,NA
"174","Esox lucius","elongated","potamodromous",30,137,"FL",55,28350,258,NA,NA,NA,"in close association with substrate",NA,NA
"175","Esox lucius","elongated","potamodromous",30,137,"FL",55,28350,258,2657,63858,NA,"in close association with substrate",NA,NA
"176","Esox lucius","elongated","potamodromous",30,137,"FL",55,28350,258,NA,NA,NA,"in close association with substrate",NA,NA
"177","Esox lucius","elongated","potamodromous",30,137,"FL",55,28350,258,524,123896,NA,"in close association with substrate",NA,NA
"178","Esox lucius","elongated","potamodromous",30,137,"FL",55,28350,258,51000,102000,NA,"in close association with substrate",NA,NA
"179","Esox lucius","elongated","potamodromous",30,137,"FL",55,28350,258,53700,65500,NA,"in close association with substrate",NA,NA
"180","Esox lucius","elongated","potamodromous",30,137,"FL",55,28350,258,52700,76600,NA,"in close association with substrate",NA,NA
"181","Esox lucius","elongated","potamodromous",30,137,"FL",55,28350,258,64000,77000,NA,"in close association with substrate",NA,NA
"182","Esox lucius","elongated","potamodromous",30,137,"FL",55,28350,258,47800,64800,NA,"in close association with substrate",NA,NA
"183","Esox lucius","elongated","potamodromous",30,137,"FL",55,28350,258,NA,NA,NA,"in close association with substrate",NA,NA
"184","Esox lucius","elongated","potamodromous",30,137,"FL",55,28350,258,NA,NA,NA,"in close association with substrate",NA,NA
"185","Esox lucius","elongated","potamodromous",30,137,"FL",55,28350,258,NA,38000,NA,"in close association with substrate",NA,NA
"186","Esox masquinongy","elongated","non-migratory",30,183,"TL",NA,31750,2711,NA,3000000,NA,NA,NA,NA
"187","Fundulus diaphanus","fusiform / normal","non-migratory",NA,13,"TL",NA,NA,3190,NA,50,NA,"in close association with substrate",NA,NA
"188","Fundulus heteroclitus","fusiform / normal","non-migratory",4,15,"TL",NA,NA,3192,NA,NA,NA,NA,NA,NA
"189","Fundulus notatus","elongated","non-migratory",NA,8,"TL",NA,NA,3197,NA,30,NA,NA,NA,NA
"190","Galaxias maculatus","elongated","catadromous",NA,19,"SL",NA,NA,7579,175,13500,NA,"planktonic",NA,NA
"191","Culaea inconstans","fusiform / normal",NA,2,8.7,"TL",NA,NA,3271,NA,NA,NA,NA,NA,NA
"192","Gasterosteus aculeatus","fusiform / normal","anadromous",8,11,"TL",NA,NA,2420,50,450,NA,"in open nest",NA,NA
"193","Gasterosteus aculeatus","fusiform / normal","anadromous",8,11,"TL",NA,NA,2420,80,1300,NA,"in open nest",NA,NA
"194","Gasterosteus aculeatus","fusiform / normal","anadromous",8,11,"TL",NA,NA,2420,100,NA,NA,"in open nest",NA,NA
"195","Gobiesox strumosus","elongated",NA,NA,8,"TL",NA,NA,3079,NA,NA,NA,NA,NA,NA
"196","Bathygobius fuscus","elongated","amphidromous",NA,12,"TL",NA,NA,7201,NA,NA,NA,NA,NA,NA
"197","Bathygobius ramosus","elongated",NA,NA,20,"TL",NA,NA,8259,NA,NA,NA,NA,NA,NA
"198","Bathygobius soporator","elongated","non-migratory",NA,15,"TL",NA,NA,3837,NA,NA,NA,NA,NA,NA
"199","Coryphopterus urospilus","elongated",NA,NA,6.5,"TL",NA,NA,25534,NA,NA,NA,NA,NA,NA
"200","Gillichthys mirabilis","fusiform / normal",NA,2,21,"TL",NA,NA,3854,NA,27000,NA,"planktonic",NA,NA
"201","Gobiosoma chiquita","elongated",NA,NA,6.5,"TL",NA,NA,46866,NA,NA,NA,NA,NA,NA
"202","Gobius paganellus","fusiform / normal","amphidromous",10,13,"TL",NA,NA,73,1054,8978,NA,"in close association with substrate",NA,NA
"203","Haemulon flavolineatum","short and / or deep",NA,NA,30,"TL",NA,NA,1135,NA,NA,NA,NA,NA,NA
"204","Ameiurus catus","fusiform / normal","potamodromous",14,95,"TL",NA,9750,3018,NA,NA,NA,NA,NA,NA
"205","Ameiurus melas","fusiform / normal","amphidromous",10,66,"TL",NA,3620,291,NA,NA,NA,NA,NA,NA
"206","Ameiurus natalis","elongated",NA,4,60,"TL",NA,1920,3021,NA,2000,NA,NA,NA,NA
"207","Ameiurus nebulosus","fusiform / normal",NA,9,55,"TL",NA,2740,3022,NA,NA,NA,NA,NA,NA
"208","Ictalurus punctatus","fusiform / normal",NA,24,132,"TL",NA,26300,290,NA,NA,NA,NA,NA,NA
"209","Kuhlia sandvicensis","fusiform / normal","amphidromous",NA,25,"TL",NA,NA,5157,NA,NA,NA,NA,NA,NA
"210","Halichoeres dispilus","elongated",NA,NA,25,"TL",NA,NA,8208,NA,NA,NA,NA,NA,NA
"211","Thalassoma lucasanum","fusiform / normal",NA,NA,15,"TL",NA,NA,13860,NA,NA,NA,NA,NA,NA
"212","Lutjanus guttatus","fusiform / normal",NA,NA,80,"TL",NA,1310,152,66400,2170000,NA,NA,NA,NA
"213","Dicentrarchus labrax","fusiform / normal","oceanodromous",30,103,"TL",NA,12000,63,231875,808581,NA,"planktonic",NA,NA
"214","Morone chrysops","fusiform / normal","potamodromous",9,45,"TL",NA,3090,3308,NA,994000,NA,NA,NA,NA
"215","Morone saxatilis","fusiform / normal","anadromous",30,200,"TL",NA,57000,353,14000,3220000,NA,NA,NA,NA
"216","Morone saxatilis","fusiform / normal","anadromous",30,200,"TL",NA,57000,353,NA,4500000,NA,NA,NA,NA
"217","Morone saxatilis","fusiform / normal","anadromous",30,200,"TL",NA,57000,353,180000,700000,NA,NA,NA,NA
"218","Chelon subviridis","fusiform / normal","catadromous",NA,40,"SL",NA,NA,4819,NA,NA,NA,NA,NA,NA
"219","Mugil cephalus","fusiform / normal","catadromous",16,100,"SL",NA,NA,785,5000000,7000000,NA,"planktonic",NA,NA
"220","Mugil cephalus","fusiform / normal","catadromous",16,100,"SL",NA,NA,785,1600000,4800000,NA,"planktonic",NA,NA
"221","Mugil cephalus","fusiform / normal","catadromous",16,100,"SL",NA,NA,785,1600000,4800000,NA,"planktonic",NA,NA
"222","Mugil cephalus","fusiform / normal","catadromous",16,100,"SL",NA,NA,785,NA,NA,NA,"planktonic",NA,NA
"223","Mugil cephalus","fusiform / normal","catadromous",16,100,"SL",NA,NA,785,700000,3000000,NA,"planktonic",NA,NA
"224","Mugil cephalus","fusiform / normal","catadromous",16,100,"SL",NA,NA,785,405767,898512,NA,"planktonic",NA,NA
"225","Gobionotothen gibberifrons","fusiform / normal",NA,NA,55,"TL",NA,NA,7041,60610,106700,NA,"planktonic",NA,NA
"226","Gobionotothen gibberifrons","fusiform / normal",NA,NA,55,"TL",NA,NA,7041,23570,84660,NA,"planktonic",NA,NA
"227","Gobionotothen gibberifrons","fusiform / normal",NA,NA,55,"TL",NA,NA,7041,21699,143620,NA,"planktonic",NA,NA
"228","Gobionotothen gibberifrons","fusiform / normal",NA,NA,55,"TL",NA,NA,7041,30000,135000,NA,"planktonic",NA,NA
"229","Gobionotothen gibberifrons","fusiform / normal",NA,NA,55,"TL",NA,NA,7041,26349,113436,NA,"planktonic",NA,NA
"230","Lepidonotothen squamifrons","fusiform / normal",NA,19,55,"TL",NA,NA,7045,17590,161010,NA,"planktonic",NA,NA
"231","Lepidonotothen squamifrons","fusiform / normal",NA,19,55,"TL",NA,NA,7045,40760,284610,NA,"planktonic",NA,NA
"232","Lepidonotothen squamifrons","fusiform / normal",NA,19,55,"TL",NA,NA,7045,68000,180000,NA,"planktonic",NA,NA
"233","Lepidonotothen squamifrons","fusiform / normal",NA,19,55,"TL",NA,NA,7045,250000,780000,NA,"planktonic",NA,NA
"234","Notothenia coriiceps","fusiform / normal",NA,NA,62,"TL",NA,NA,4702,6897,41024,NA,NA,NA,NA
"235","Pagothenia borchgrevinki","fusiform / normal",NA,NA,28,"TL",NA,NA,7049,1500,3000,NA,NA,NA,NA
"236","Pagothenia borchgrevinki","fusiform / normal",NA,NA,28,"TL",NA,NA,7049,1100,2750,NA,NA,NA,NA
"237","Trematomus bernacchii","fusiform / normal",NA,10,28,"TL",NA,NA,7053,1500,2500,NA,NA,NA,NA
"238","Trematomus bernacchii","fusiform / normal",NA,10,28,"TL",NA,NA,7053,1200,3000,NA,NA,NA,NA
"239","Trematomus bernacchii","fusiform / normal",NA,10,28,"TL",NA,NA,7053,2166,2890,NA,NA,NA,NA
"240","Trematomus bernacchii","fusiform / normal",NA,10,28,"TL",NA,NA,7053,1154,3123,NA,NA,NA,NA
"241","Trematomus bernacchii","fusiform / normal",NA,10,28,"TL",NA,NA,7053,NA,1730,NA,NA,NA,NA
"242","Trematomus hansoni","fusiform / normal",NA,NA,41,"TL",NA,NA,7055,9600,9600,NA,"planktonic",NA,NA
"243","Trematomus hansoni","fusiform / normal",NA,NA,41,"TL",NA,NA,7055,9600,NA,NA,"planktonic",NA,NA
"244","Trematomus hansoni","fusiform / normal",NA,NA,41,"TL",NA,NA,7055,7000,12000,NA,"planktonic",NA,NA
"245","Trematomus hansoni","fusiform / normal",NA,NA,41,"TL",NA,NA,7055,8500,2300,NA,"planktonic",NA,NA
"246","Trematomus hansoni","fusiform / normal",NA,NA,41,"TL",NA,NA,7055,5851,19605,NA,"planktonic",NA,NA
"247","Hypomesus transpacificus","elongated","anadromous",1,12,"TL",NA,NA,2696,NA,18000,NA,NA,NA,NA
"248","Osmerus mordax","elongated","anadromous",7,35.6,"TL",NA,NA,253,8500,69600,NA,"planktonic",NA,NA
"249","Etheostoma blennioides","elongated",NA,5,17,"TL",NA,NA,3402,404,1832,NA,NA,NA,NA
"250","Etheostoma blennioides","elongated",NA,5,17,"TL",NA,NA,3402,NA,1800,NA,NA,NA,NA
"251","Etheostoma caeruleum","elongated",NA,3,7.7,"TL",NA,NA,3405,508,1462,NA,NA,NA,NA
"252","Etheostoma caeruleum","elongated",NA,3,7.7,"TL",NA,NA,3405,NA,800,NA,NA,NA,NA
"253","Etheostoma flabellare","elongated",NA,4,8.4,"TL",NA,NA,3421,10,121,NA,NA,NA,NA
"254","Etheostoma flabellare","elongated",NA,4,8.4,"TL",NA,NA,3421,449,449,NA,NA,NA,NA
"255","Etheostoma flabellare","elongated",NA,4,8.4,"TL",NA,NA,3421,226,226,NA,NA,NA,NA
"256","Etheostoma flabellare","elongated",NA,4,8.4,"TL",NA,NA,3421,39,91,NA,NA,NA,NA
"257","Etheostoma flabellare","elongated",NA,4,8.4,"TL",NA,NA,3421,NA,449,NA,NA,NA,NA
"258","Etheostoma nigrum","elongated",NA,4,7.2,"TL",NA,NA,3445,47,83,NA,NA,NA,NA
"259","Etheostoma nigrum","elongated",NA,4,7.2,"TL",NA,NA,3445,90,164,NA,NA,NA,NA
"260","Etheostoma nigrum","elongated",NA,4,7.2,"TL",NA,NA,3445,436,1248,NA,NA,NA,NA
"261","Etheostoma nigrum","elongated",NA,4,7.2,"TL",NA,NA,3445,48,691,NA,NA,NA,NA
"262","Etheostoma nigrum","elongated",NA,4,7.2,"TL",NA,NA,3445,NA,650,NA,NA,NA,NA
"263","Etheostoma spectabile","elongated",NA,NA,7.2,"TL",NA,NA,3468,50,200,NA,NA,NA,NA
"264","Etheostoma spectabile","elongated",NA,NA,7.2,"TL",NA,NA,3468,430,2070,NA,NA,NA,NA
"265","Etheostoma spectabile","elongated",NA,NA,7.2,"TL",NA,NA,3468,NA,200,NA,NA,NA,NA
"266","Gymnocephalus cernua","fusiform / normal","potamodromous",10,25,"TL",NA,400,4474,NA,200000,NA,"in close association with substrate",NA,NA
"267","Gymnocephalus cernua","fusiform / normal","potamodromous",10,25,"TL",NA,400,4474,100000,150000,NA,"in close association with substrate",NA,NA
"268","Gymnocephalus cernua","fusiform / normal","potamodromous",10,25,"TL",NA,400,4474,NA,NA,NA,"in close association with substrate",NA,NA
"269","Perca flavescens","fusiform / normal",NA,11,50,"TL",NA,1910,359,3035,61465,NA,"planktonic",NA,NA
"270","Perca flavescens","fusiform / normal",NA,11,50,"TL",NA,1910,359,36600,109000,NA,"planktonic",NA,NA
"271","Perca fluviatilis","fusiform / normal","anadromous",22,60,"SL",NA,4750,358,NA,300000,NA,"in close association with substrate",NA,NA
"272","Perca fluviatilis","fusiform / normal","anadromous",22,60,"SL",NA,4750,358,NA,NA,NA,"in close association with substrate",NA,NA
"273","Perca fluviatilis","fusiform / normal","anadromous",22,60,"SL",NA,4750,358,15000,20000,NA,"in close association with substrate",NA,NA
"274","Perca fluviatilis","fusiform / normal","anadromous",22,60,"SL",NA,4750,358,1698,11913,NA,"in close association with substrate",NA,NA
"275","Perca fluviatilis","fusiform / normal","anadromous",22,60,"SL",NA,4750,358,100,200,NA,"in close association with substrate",NA,NA
"276","Perca fluviatilis","fusiform / normal","anadromous",22,60,"SL",NA,4750,358,2657,68858,NA,"in close association with substrate",NA,NA
"277","Perca fluviatilis","fusiform / normal","anadromous",22,60,"SL",NA,4750,358,5041,NA,NA,"in close association with substrate",NA,NA
"278","Perca fluviatilis","fusiform / normal","anadromous",22,60,"SL",NA,4750,358,7572,NA,NA,"in close association with substrate",NA,NA
"279","Perca fluviatilis","fusiform / normal","anadromous",22,60,"SL",NA,4750,358,NA,NA,NA,"in close association with substrate",NA,NA
"280","Perca fluviatilis","fusiform / normal","anadromous",22,60,"SL",NA,4750,358,NA,NA,NA,"in close association with substrate",NA,NA
"281","Perca fluviatilis","fusiform / normal","anadromous",22,60,"SL",NA,4750,358,NA,NA,NA,"in close association with substrate",NA,NA
"282","Perca fluviatilis","fusiform / normal","anadromous",22,60,"SL",NA,4750,358,NA,NA,NA,"in close association with substrate",NA,NA
"283","Perca fluviatilis","fusiform / normal","anadromous",22,60,"SL",NA,4750,358,NA,NA,NA,"in close association with substrate",NA,NA
"284","Perca fluviatilis","fusiform / normal","anadromous",22,60,"SL",NA,4750,358,13058,NA,NA,"in close association with substrate",NA,NA
"285","Perca fluviatilis","fusiform / normal","anadromous",22,60,"SL",NA,4750,358,47580,NA,NA,"in close association with substrate",NA,NA
"286","Perca fluviatilis","fusiform / normal","anadromous",22,60,"SL",NA,4750,358,2080,28488,NA,"in close association with substrate",NA,NA
"287","Perca fluviatilis","fusiform / normal","anadromous",22,60,"SL",NA,4750,358,16400,33500,NA,"in close association with substrate",NA,NA
"288","Perca fluviatilis","fusiform / normal","anadromous",22,60,"SL",NA,4750,358,16800,25900,NA,"in close association with substrate",NA,NA
"289","Perca fluviatilis","fusiform / normal","anadromous",22,60,"SL",NA,4750,358,13590,19944,NA,"in close association with substrate",NA,NA
"290","Perca fluviatilis","fusiform / normal","anadromous",22,60,"SL",NA,4750,358,NA,NA,NA,"in close association with substrate",NA,NA
"291","Perca fluviatilis","fusiform / normal","anadromous",22,60,"SL",NA,4750,358,NA,NA,NA,"in close association with substrate",NA,NA
"292","Perca fluviatilis","fusiform / normal","anadromous",22,60,"SL",NA,4750,358,NA,NA,NA,"in close association with substrate",NA,NA
"293","Perca fluviatilis","fusiform / normal","anadromous",22,60,"SL",NA,4750,358,NA,NA,NA,"in close association with substrate",NA,NA
"294","Perca fluviatilis","fusiform / normal","anadromous",22,60,"SL",NA,4750,358,NA,NA,NA,"in close association with substrate",NA,NA
"295","Perca fluviatilis","fusiform / normal","anadromous",22,60,"SL",NA,4750,358,13134,68498,NA,"in close association with substrate",NA,NA
"296","Perca fluviatilis","fusiform / normal","anadromous",22,60,"SL",NA,4750,358,9277,74124,NA,"in close association with substrate",NA,NA
"297","Perca fluviatilis","fusiform / normal","anadromous",22,60,"SL",NA,4750,358,13000,19000,NA,"in close association with substrate",NA,NA
"298","Perca fluviatilis","fusiform / normal","anadromous",22,60,"SL",NA,4750,358,17360,84240,NA,"in close association with substrate",NA,NA
"299","Perca fluviatilis","fusiform / normal","anadromous",22,60,"SL",NA,4750,358,5000,45000,NA,"in close association with substrate",NA,NA
"300","Sander vitreus","elongated","potamodromous",29,107,"FL",NA,11340,3516,NA,612000,NA,"planktonic",NA,NA
"301","Sander vitreus","elongated","potamodromous",29,107,"FL",NA,11340,3516,46524,227138,NA,"planktonic",NA,NA
"302","Sander vitreus","elongated","potamodromous",29,107,"FL",NA,11340,3516,41061,53009,NA,"planktonic",NA,NA
"303","Gambusia affinis","fusiform / normal","potamodromous",3,5.1,"TL",NA,NA,3215,10,60,NA,NA,NA,NA
"304","Gambusia affinis","fusiform / normal","potamodromous",3,5.1,"TL",NA,NA,3215,3,128,NA,NA,NA,NA
"305","Gambusia affinis","fusiform / normal","potamodromous",3,5.1,"TL",NA,NA,3215,1,107,NA,NA,NA,NA
"306","Gambusia affinis","fusiform / normal","potamodromous",3,5.1,"TL",NA,NA,3215,2,146,NA,NA,NA,NA
"307","Heterandria formosa","fusiform / normal","non-migratory",NA,3.6,"TL",NA,NA,3224,1,7,NA,NA,NA,NA
"308","Poecilia mexicana","elongated","non-migratory",NA,11,"SL",NA,NA,3227,NA,NA,NA,NA,NA,NA
"309","Abudefduf saxatilis","short and / or deep","non-migratory",NA,22.9,"TL",NA,200,1119,NA,NA,NA,NA,NA,NA
"310","Retropinna retropinna","elongated","anadromous",NA,8.6,"FL",NA,NA,12243,NA,NA,NA,NA,NA,NA
"311","Coregonus artedi","elongated","anadromous",11,57,"TL",NA,3350,235,NA,24549,NA,NA,NA,NA
"312","Coregonus clupeaformis","fusiform / normal","anadromous",50,100,"TL",NA,19000,234,NA,NA,NA,NA,NA,NA
"313","Oncorhynchus clarkii","fusiform / normal","anadromous",10,99,"TL",NA,18600,2688,226,4420,NA,NA,NA,NA
"314","Oncorhynchus clarkii","fusiform / normal","anadromous",10,99,"TL",NA,18600,2688,NA,6500,NA,NA,NA,NA
"315","Oncorhynchus clarkii","fusiform / normal","anadromous",10,99,"TL",NA,18600,2688,227,459,NA,NA,NA,NA
"316","Oncorhynchus kisutch","fusiform / normal","anadromous",5,107.95,"TL",59.5,15170,245,NA,3807,NA,"in close association with substrate",NA,NA
"317","Oncorhynchus kisutch","fusiform / normal","anadromous",5,107.95,"TL",59.5,15170,245,1440,5700,NA,"in close association with substrate",NA,NA
"318","Oncorhynchus kisutch","fusiform / normal","anadromous",5,107.95,"TL",59.5,15170,245,1440,5700,NA,"in close association with substrate",NA,NA
"319","Oncorhynchus mykiss","fusiform / normal","anadromous",11,122,"TL",NA,25400,239,200,12749,NA,"in closed nest (e.g. burrow or tunnel)",NA,NA
"320","Oncorhynchus mykiss","fusiform / normal","anadromous",11,122,"TL",NA,25400,239,NA,3800,NA,"in closed nest (e.g. burrow or tunnel)",NA,NA
"321","Oncorhynchus mykiss","fusiform / normal","anadromous",11,122,"TL",NA,25400,239,NA,NA,NA,"in closed nest (e.g. burrow or tunnel)",NA,NA
"322","Salmo trutta","fusiform / normal","anadromous",38,140,"SL",NA,50000,238,5000,10000,NA,"in closed nest (e.g. burrow or tunnel)",NA,NA
"323","Salmo trutta","fusiform / normal","anadromous",38,140,"SL",NA,50000,238,NA,NA,NA,"in closed nest (e.g. burrow or tunnel)",NA,NA
"324","Salmo trutta","fusiform / normal","anadromous",38,140,"SL",NA,50000,238,NA,NA,NA,"in closed nest (e.g. burrow or tunnel)",NA,NA
"325","Salmo trutta","fusiform / normal","anadromous",38,140,"SL",NA,50000,238,NA,NA,NA,"in closed nest (e.g. burrow or tunnel)",NA,NA
"326","Salmo trutta","fusiform / normal","anadromous",38,140,"SL",NA,50000,238,NA,NA,NA,"in closed nest (e.g. burrow or tunnel)",NA,NA
"327","Salmo trutta","fusiform / normal","anadromous",38,140,"SL",NA,50000,238,NA,NA,NA,"in closed nest (e.g. burrow or tunnel)",NA,NA
"328","Salmo trutta","fusiform / normal","anadromous",38,140,"SL",NA,50000,238,NA,NA,NA,"in closed nest (e.g. burrow or tunnel)",NA,NA
"329","Salmo trutta","fusiform / normal","anadromous",38,140,"SL",NA,50000,238,NA,NA,NA,"in closed nest (e.g. burrow or tunnel)",NA,NA
"330","Salmo trutta","fusiform / normal","anadromous",38,140,"SL",NA,50000,238,NA,NA,NA,"in closed nest (e.g. burrow or tunnel)",NA,NA
"331","Salmo trutta","fusiform / normal","anadromous",38,140,"SL",NA,50000,238,NA,NA,NA,"in closed nest (e.g. burrow or tunnel)",NA,NA
"332","Salmo trutta","fusiform / normal","anadromous",38,140,"SL",NA,50000,238,719,1340,NA,"in closed nest (e.g. burrow or tunnel)",NA,NA
"333","Salmo trutta","fusiform / normal","anadromous",38,140,"SL",NA,50000,238,120,996,NA,"in closed nest (e.g. burrow or tunnel)",NA,NA
"334","Salmo trutta","fusiform / normal","anadromous",38,140,"SL",NA,50000,238,NA,NA,NA,"in closed nest (e.g. burrow or tunnel)",NA,NA
"335","Salmo trutta","fusiform / normal","anadromous",38,140,"SL",NA,50000,238,NA,NA,NA,"in closed nest (e.g. burrow or tunnel)",NA,NA
"336","Salmo trutta","fusiform / normal","anadromous",38,140,"SL",NA,50000,238,NA,NA,NA,"in closed nest (e.g. burrow or tunnel)",NA,NA
"337","Salmo trutta","fusiform / normal","anadromous",38,140,"SL",NA,50000,238,174,572,NA,"in closed nest (e.g. burrow or tunnel)",NA,NA
"338","Salmo trutta","fusiform / normal","anadromous",38,140,"SL",NA,50000,238,NA,NA,NA,"in closed nest (e.g. burrow or tunnel)",NA,NA
"339","Salmo trutta","fusiform / normal","anadromous",38,140,"SL",NA,50000,238,251,1250,NA,"in closed nest (e.g. burrow or tunnel)",NA,NA
"340","Salmo trutta","fusiform / normal","anadromous",38,140,"SL",NA,50000,238,NA,NA,NA,"in closed nest (e.g. burrow or tunnel)",NA,NA
"341","Salmo trutta","fusiform / normal","anadromous",38,140,"SL",NA,50000,238,NA,NA,NA,"in closed nest (e.g. burrow or tunnel)",NA,NA
"342","Salmo trutta","fusiform / normal","anadromous",38,140,"SL",NA,50000,238,NA,NA,NA,"in closed nest (e.g. burrow or tunnel)",NA,NA
"343","Salmo trutta","fusiform / normal","anadromous",38,140,"SL",NA,50000,238,NA,NA,NA,"in closed nest (e.g. burrow or tunnel)",NA,NA
"344","Salmo trutta","fusiform / normal","anadromous",38,140,"SL",NA,50000,238,NA,NA,NA,"in closed nest (e.g. burrow or tunnel)",NA,NA
"345","Salmo trutta","fusiform / normal","anadromous",38,140,"SL",NA,50000,238,1000,1500,NA,"in closed nest (e.g. burrow or tunnel)",NA,NA
"346","Salmo trutta","fusiform / normal","anadromous",38,140,"SL",NA,50000,238,147,589,NA,"in closed nest (e.g. burrow or tunnel)",NA,NA
"347","Salmo trutta","fusiform / normal","anadromous",38,140,"SL",NA,50000,238,NA,NA,NA,"in closed nest (e.g. burrow or tunnel)",NA,NA
"348","Salmo trutta","fusiform / normal","anadromous",38,140,"SL",NA,50000,238,385,3778,NA,"in closed nest (e.g. burrow or tunnel)",NA,NA
"349","Salvelinus alpinus alpinus","fusiform / normal","anadromous",40,107,"TL",NA,15000,247,NA,NA,NA,NA,NA,NA
"350","Salvelinus alpinus alpinus","fusiform / normal","anadromous",40,107,"TL",NA,15000,247,400,600,NA,NA,NA,NA
"351","Salvelinus alpinus alpinus","fusiform / normal","anadromous",40,107,"TL",NA,15000,247,NA,6000,NA,NA,NA,NA
"352","Salvelinus alpinus alpinus","fusiform / normal","anadromous",40,107,"TL",NA,15000,247,NA,NA,NA,NA,NA,NA
"353","Salvelinus alpinus alpinus","fusiform / normal","anadromous",40,107,"TL",NA,15000,247,NA,NA,NA,NA,NA,NA
"354","Salvelinus alpinus alpinus","fusiform / normal","anadromous",40,107,"TL",NA,15000,247,4869,8065,NA,NA,NA,NA
"355","Salvelinus fontinalis","fusiform / normal","anadromous",24,86,"SL",NA,8000,246,100,5000,NA,"in close association with substrate",NA,NA
"356","Salvelinus fontinalis","fusiform / normal","anadromous",24,86,"SL",NA,8000,246,NA,NA,NA,"in close association with substrate",NA,NA
"357","Salvelinus namaycush","fusiform / normal","non-migratory",50,150,"TL",NA,32650,248,NA,NA,NA,NA,NA,NA
"358","Salvelinus namaycush","fusiform / normal","non-migratory",50,150,"TL",NA,32650,248,5000,6000,NA,NA,NA,NA
"359","Salvelinus namaycush","fusiform / normal","non-migratory",50,150,"TL",NA,32650,248,NA,17000,NA,NA,NA,NA
"360","Thymallus arcticus","fusiform / normal",NA,18,76,"TL",NA,3830,2693,416,12946,NA,NA,NA,NA
"361","Scatophagus argus","short and / or deep","amphidromous",NA,38,"TL",NA,NA,4698,635755,337309,NA,"planktonic",NA,NA
"362","Aplodinotus grunniens","fusiform / normal",NA,13,95,"TL",NA,24720,3577,NA,6000000,NA,NA,NA,NA
"363","Diplodus vulgaris","fusiform / normal","oceanodromous",NA,45,"TL",NA,1300,1754,NA,NA,NA,NA,NA,NA
"364","Terapon jarbua","fusiform / normal","catadromous",NA,36,"TL",NA,NA,4458,NA,NA,NA,NA,NA,NA
"365","Sphoeroides annulatus","short and / or deep",NA,NA,44,"TL",NA,NA,4293,NA,NA,NA,NA,NA,NA
"366","Zoarces viviparus","elongated",NA,10,52,"TL",NA,510,479,NA,NA,NA,NA,NA,NA
