no_acclimation,genus,species,phylum,class,order,family,life_stage,season_inactive,logic_source_for_season_inactive,season_when_away (migratory only),logic_source_season_when_away,maturity_sex,age_maturity_days,maturity_days_reference,maturity_days2,maturity_days2_reference,lifespan_days,lifespan_days_reference,data_gatherer,dispersal_distance_category,logic_source_for_dispersal_distance,dispersal_distance2_category,logic_source_for_dispersal_distance2,Home range size_Km2,logic-source_for_Home range size,migratory,source_logic_for_migration_info,,realm,kingdom,maximum_body_size_svl_hbl_cm,source_for_maximum_body_size,trophic_position,source_logic_for_trophic_position,,,dispersal_type_walking_may_need_to_be_reworded_to_something_that_encaptures_slithering,logic_source_for_dispersal_type,cold_season_dormancy,source_logic_for_cold_season_dormancy,hot_season_dormancy,source_logic_for_hot_season_dormancy,highland_specialist,pelagic_habitat_for_marine_species,source_logic_for_highland_specialist,notes,orig_genus,orig_species,terrestriality_available_for_mammals_only_see_pan_theria_metadata,pantheria05genus,pantheria05species,pantheria93genus,pantheria93species,all_pantheria_synonyms05,pantheria_references,binary_name,try_species_number_for_plants,notes_on_body_size_e_g_type_of_metric
no,Canthon,humectus,Arthropoda,Insecta,Coleoptera,Scarabaeidae,adults,unknown,https://www.researchgate.net/publication/264953522_The_Role_of_Canthon_humectus_hidalgoensis_Bates_Coleoptera_Scarabaeidae_in_Dung_Removal_from_a_Cattle_Pasture ,,,,unknown,NA,,,unknown,NA,Wilco+Piero,100-1000km,"http://www.biogeografia.org/trabajospdf/2008.%20Verdu%20&%20Lobo.%20Ecophysiology%20of%20thermoregulation%20in%20endothermic%20dung%20beetles.%20In%20Insect%20Ecology%20and%20Conservation.pdf The species can fly at a speed of 30 kmh and is reported to be able to fly under a wide range of ambient temperatures, making it likely that it can disperse over large distances.",unknown,NA,unknown,NA,Non-migratory,guestimate,,Terrestrial,Animalia,1.7,http://idtools.org/id/beetles/scarab/factsheet.php?name=15177,coprophage,http://idtools.org/id/beetles/scarab/factsheet.php?name=15177,,,Flying,"http://www.biogeografia.org/trabajospdf/2008.%20Verdu%20&%20Lobo.%20Ecophysiology%20of%20thermoregulation%20in%20endothermic%20dung%20beetles.%20In%20Insect%20Ecology%20and%20Conservation.pdf The species can fly at a speed of 30 kmh and is reported to be able to fly under a wide range of ambient temperatures, making it likely that it can disperse over large distances.",NA,NA,NA,NA,Yes,NA,http://idtools.org/id/beetles/scarab/factsheet.php?name=15177,heliophilous,NA,NA,NA,NA,NA,NA,NA,NA,NA,NA,NA,NA
no,Gayralia,sp,Chlorophyta,Ulvophyceae,Ulvales,Monostromataceae,thallus,,,,,,NA,,,,,,NA,NA,NA, ,,,,NA,NA,,NA,NA,NA,NA,NA,NA,,,NA,NA,NA,NA,NA,NA,NA,NA,NA,NA,NA,NA,NA,NA,NA,NA,NA,NA,NA,NA,NA,NA
no,Anguilla,australis,Chordata,Actinopterygii,Anguilliforme,Anguillidae,elvers,none,,winter,Elvers are caught in the summer (Jellyman & Ryan 1983),female,6570 - 8760,Males mature at about 14 years and females (reported here) at 18-24 years (Fishes of Australia),,,11520,AnAge,Sarah,unknown,no info found specifically for elver stage,,,0.0004,of the eels recaptured in the study 81% were within 400m of initial capture site (Beumer 1979) (adults),full,NA,migrates from freshwater to the sea to spawn,NA,NA,NA,NA,NA,NA,,,NA,NA,NA,NA,NA,NA,NA,NA,NA,NA,NA,NA,NA,NA,NA,NA,NA,NA,NA,NA,NA,NA
no,Anguilla,dieffenbachii,Chordata,Actinopterygii,Anguilliformes,Anguillidae,larvae,none,,none,"Although the species is migratory, it takes 17months for the larvae to migrate to freshwater",female,11315,Figure 1 (Doole 2005),,,12775 - 18980,Department of conservation New Zealand (lives on average between 35 to 52 years),Sarah,100+ km,"disperses from ocean habitat to freshwater as a larvae (passive dispersal) McDowall, R. M. (1990).",,,unknown,"(0.00014 for adults) Species in the adult stage have very limited home ranges, all recaptured eels were within 140 meters of their original capture site (Chisnall & Kalish 2013) (no info for larvae)",full,NA,migrates from freshwater to the sea to spawn,NA,NA,NA,NA,NA,NA,,,NA,NA,NA,NA,NA,NA,NA,NA,NA,NA,NA,NA,NA,NA,NA,NA,NA,NA,NA,NA,NA,NA
no,Apogon,pacificus,Chordata,Actinopterygii,NA,Apogonidae,NA,,,,,,NA,,,,,,Sarah,NA,NA,,,,,NA,NA,,NA,NA,NA,NA,NA,NA,,,NA,NA,NA,NA,NA,NA,NA,NA,NA,NA,NA,NA,NA,NA,NA,NA,NA,NA,NA,NA,NA,NA
no,Chaenocephalus,aceratus,Chordata,Actinopterygii,Perciformes,Channichthyidae,NA,,,,,,NA,,,,,,NA,NA,NA,,,,,NA,NA,,NA,NA,NA,NA,NA,NA,,,NA,NA,NA,NA,NA,NA,NA,NA,NA,NA,NA,NA,NA,NA,NA,NA,NA,NA,NA,NA,NA,NA
no,Chionodraco,rastrospinosus,Chordata,Actinopterygii,Perciformes,Channichthyidae,NA,,,,,,NA,,,,,,NA,NA,NA,,,,,NA,NA,,NA,NA,NA,NA,NA,NA,,,NA,NA,NA,NA,NA,NA,NA,NA,NA,NA,NA,NA,NA,NA,NA,NA,NA,NA,NA,NA,NA,NA
no,Cirrhitichthys,oxycephalus,Chordata,Actinopterygii,Perciformes,Cirrhitidae,NA,,,,,,NA,,,,,,NA,NA,NA,,,,,NA,NA,,NA,NA,NA,NA,NA,NA,,,NA,NA,NA,NA,NA,NA,NA,NA,NA,NA,NA,NA,NA,NA,NA,NA,NA,NA,NA,NA,NA,NA
no,Culaea,inconstans,Chordata,Actinopterygii,Gasterosteiformes,Gasterosteidae,NA,,,,,,NA,,,,,,NA,NA,NA,,,,,NA,NA,,NA,NA,NA,NA,NA,NA,,,NA,NA,NA,NA,NA,NA,NA,NA,NA,NA,NA,NA,NA,NA,NA,NA,NA,NA,NA,NA,NA,NA
no,Bathygobius,soporator,Chordata,Actinopterygii,Perciformes,Gobiidae,NA,,,,,,NA,,,,,,NA,NA,NA,,,,,NA,NA,,NA,NA,NA,NA,NA,NA,,,NA,NA,NA,NA,NA,NA,NA,NA,NA,NA,NA,NA,NA,NA,NA,NA,NA,NA,NA,NA,NA,NA
no,Coryphopterus,urospilus,Chordata,Actinopterygii,Perciformes,Gobiidae,NA,,,,,,NA,,,,,,NA,NA,NA,,,,,NA,NA,,NA,NA,NA,NA,NA,NA,,,NA,NA,NA,NA,NA,NA,NA,NA,NA,NA,NA,NA,NA,NA,NA,NA,NA,NA,NA,NA,NA,NA
no,Halichoeres,dispilus,Chordata,Actinopterygii,Perciformes,Labridae,NA,,,,,,NA,,,,,,NA,NA,NA,,,,,NA,NA,,NA,NA,NA,NA,NA,NA,,,NA,NA,NA,NA,NA,NA,NA,NA,NA,NA,NA,NA,NA,NA,NA,NA,NA,NA,NA,NA,NA,NA
no,Thalassoma,lucasanum,Chordata,Actinopterygii,Perciformes,Labridae,NA,,,,,,NA,,,,,,NA,NA,NA,,,,,NA,NA,,NA,NA,NA,NA,NA,NA,,,NA,NA,NA,NA,NA,NA,NA,NA,NA,NA,NA,NA,NA,NA,NA,NA,NA,NA,NA,NA,NA,NA
no,Lutjanus,guttatus,Chordata,Actinopterygii,Perciformes,Lutjanidae,NA,,,,,,NA,,,,,,NA,NA,NA,,,,,NA,NA,,NA,NA,NA,NA,NA,NA,,,NA,NA,NA,NA,NA,NA,NA,NA,NA,NA,NA,NA,NA,NA,NA,NA,NA,NA,NA,NA,NA,NA
no,Poecilia,mexicana,Chordata,Actinopterygii,Cyprinodontiformes,Poeciliidae,NA,,,,,,NA,,,,,,NA,NA,NA,,,,,NA,NA,,NA,NA,NA,NA,NA,NA,,,NA,NA,NA,NA,NA,NA,NA,NA,NA,NA,NA,NA,NA,NA,NA,NA,NA,NA,NA,NA,NA,NA
no,Paa,spinosa,Chordata,Amphibia,Anura,Dicroglossidae,adult,,,,,,NA,,,,,,NA,NA,NA,,,,,NA,NA,,NA,NA,NA,NA,NA,NA,,,NA,NA,NA,NA,NA,NA,NA,NA,NA,NA,NA,NA,NA,NA,NA,NA,NA,NA,NA,NA,NA,NA
no,Ambystoma,triseriata,Chordata,Amphibia,Anura,NA,Juvenile,,,,,,NA,,,,,,NA,NA,NA,,,,,NA,NA,,NA,NA,NA,NA,NA,NA,,,NA,NA,NA,NA,NA,NA,NA,NA,NA,NA,NA,NA,NA,NA,NA,NA,NA,NA,NA,NA,NA,NA
no,Litoria,nasuta,Chordata,Amphibia,Anura,NA,Adult,,,,,,NA,,,,,,NA,NA,NA,,,,,NA,NA,,NA,NA,NA,NA,NA,NA,,,NA,NA,NA,NA,NA,NA,NA,NA,NA,NA,NA,NA,NA,NA,NA,NA,NA,NA,NA,NA,NA,NA
no,Melanophryniscus,rubriventris,Chordata,Amphibia,Anura,NA,Adult,,,,,,NA,,,,,,NA,NA,NA,,,,,NA,NA,,NA,NA,NA,NA,NA,NA,,,NA,NA,NA,NA,NA,NA,NA,NA,NA,NA,NA,NA,NA,NA,NA,NA,NA,NA,NA,NA,NA,NA
no,Quasipaa,spinosa,Chordata,Amphibia,Anura,NA,Adult,,,,,,NA,,,,,,NA,NA,NA,,,,,NA,NA,,NA,NA,NA,NA,NA,NA,,,NA,NA,NA,NA,NA,NA,NA,NA,NA,NA,NA,NA,NA,NA,NA,NA,NA,NA,NA,NA,NA,NA
no,Lagopus,lagopus,Chordata,Aves,Galliformes,Phasianidae,adult,none,,,,female,365,AnAge,,,3285,AnAge/Fransson et al. (2010) EURING list of longevity records for European birds,Brad/Ilona,10+ km,NA,1 km,"estimate of breeding dispersal. Brøseth et al., 2005; Pedersen et al., 2013",,,Mixed,HBW Alive,,Terrestrial,Animalia,43,HBW Alive,herbivore,various websites,,,flight,NA,N,NA,N,NA,N,NA,HBW Alive,NA,NA,NA,NA,NA,NA,NA,NA,NA,NA,NA,NA,NA
no,Laudakia,stellio,Chordata,Lepidosauria,Squamata,Agamidae,unknown,,,,,,NA,,,,,,NA,NA,NA,,,,,NA,NA,,NA,NA,NA,NA,NA,NA,,,NA,NA,NA,NA,NA,NA,NA,NA,NA,NA,NA,NA,NA,NA,NA,NA,NA,NA,NA,NA,NA,NA
no,Anolis,cybotes,Chordata,Lepidosauria,Squamata,Iguanidae,adults,,,,,,NA,,,,,,NA,NA,NA,,,,,NA,NA,,NA,NA,NA,NA,NA,NA,,,NA,NA,NA,NA,NA,NA,NA,NA,NA,NA,NA,NA,NA,NA,NA,NA,NA,NA,NA,NA,NA,NA
no,Anolis,krugi,Chordata,Lepidosauria,Squamata,Iguanidae,males_adults,,,,,,NA,,,,,,NA,NA,NA,,,,,NA,NA,,NA,NA,NA,NA,NA,NA,,,NA,NA,NA,NA,NA,NA,NA,NA,NA,NA,NA,NA,NA,NA,NA,NA,NA,NA,NA,NA,NA,NA
no,Anolis,pulchellus,Chordata,Lepidosauria,Squamata,Iguanidae,males_adults,,,,,,NA,,,,,,NA,NA,NA,,,,,NA,NA,,NA,NA,NA,NA,NA,NA,,,NA,NA,NA,NA,NA,NA,NA,NA,NA,NA,NA,NA,NA,NA,NA,NA,NA,NA,NA,NA,NA,NA
no,Anolis,semilineatus,Chordata,Lepidosauria,Squamata,Iguanidae,adults,,,,,,NA,,,,,,NA,NA,NA,,,,,NA,NA,,NA,NA,NA,NA,NA,NA,,,NA,NA,NA,NA,NA,NA,NA,NA,NA,NA,NA,NA,NA,NA,NA,NA,NA,NA,NA,NA,NA,NA
no,Cophosaurus,texanus,Chordata,Lepidosauria,Squamata,Iguanidae,adult,,,,,,NA,,,,,,NA,NA,NA,,,,,NA,NA,,NA,NA,NA,NA,NA,NA,,,NA,NA,NA,NA,NA,NA,NA,NA,NA,NA,NA,NA,NA,NA,NA,NA,NA,NA,NA,NA,NA,NA
no,Dipsosaurus,dorsalis,Chordata,Lepidosauria,Squamata,Iguanidae,adult,,,,,,NA,,,,,,NA,NA,NA,,,,,NA,NA,,NA,NA,NA,NA,NA,NA,,,NA,NA,NA,NA,NA,NA,NA,NA,NA,NA,NA,NA,NA,NA,NA,NA,NA,NA,NA,NA,NA,NA
no,Sceloporus,grammicus,Chordata,Lepidosauria,Squamata,Iguanidae,adults,,,,,,NA,,,,,,NA,NA,NA,,,,,NA,NA,,NA,NA,NA,NA,NA,NA,,,NA,NA,NA,NA,NA,NA,NA,NA,NA,NA,NA,NA,NA,NA,NA,NA,NA,NA,NA,NA,NA,NA
no,Sceloporus,occidentalis,Chordata,Lepidosauria,Squamata,Iguanidae,NA,,,,,,NA,,,,,,NA,NA,NA,,,,,NA,NA,,NA,NA,NA,NA,NA,NA,,,NA,NA,NA,NA,NA,NA,NA,NA,NA,NA,NA,NA,NA,NA,NA,NA,NA,NA,NA,NA,NA,NA
no,Lacerta,agilis,Chordata,Lepidosauria,Squamata,Lacertidae,NA,,,,,,NA,,,,,,NA,NA,NA,,,,,NA,NA,,NA,NA,NA,NA,NA,NA,,,NA,NA,NA,NA,NA,NA,NA,NA,NA,NA,NA,NA,NA,NA,NA,NA,NA,NA,NA,NA,NA,NA
no,Podarcis,tilliguerta,Chordata,Lepidosauria,Squamata,Lacertidae,males_adults,,,,,,NA,,,,,,NA,NA,NA,,,,,NA,NA,,NA,NA,NA,NA,NA,NA,,,NA,NA,NA,NA,NA,NA,NA,NA,NA,NA,NA,NA,NA,NA,NA,NA,NA,NA,NA,NA,NA,NA
no,Takydromus,septentrionalis,Chordata,Lepidosauria,Squamata,Lacertidae,female_adults,,,,,,NA,,,,,,NA,NA,NA,,,,,NA,NA,,NA,NA,NA,NA,NA,NA,,,NA,NA,NA,NA,NA,NA,NA,NA,NA,NA,NA,NA,NA,NA,NA,NA,NA,NA,NA,NA,NA,NA
no,Zootoca,vivipara,Chordata,Lepidosauria,Squamata,Lacertidae,subadults_adults_males_and_nongravid_females,,,,,,NA,,,,,,NA,NA,NA,,,,,NA,NA,,NA,NA,NA,NA,NA,NA,,,NA,NA,NA,NA,NA,NA,NA,NA,NA,NA,NA,NA,NA,NA,NA,NA,NA,NA,NA,NA,NA,NA
no,Rattus,fuscipes,Chordata,Mammalia,Rodentia,Muridae,adult,,,,,female,107,AnAge,,,395,"Weaned animals (weaning takes 30 days) live about one year, but there is a field record of 3.8 years and a laboratory record of 5.3 years - Taylor and Calaby (1988) Mamm Species, 298:1-9",Joanne/Alex,0-1,"200 m - PEAKALL, et al Evolution, 57(5), 2003,",,,,,non-migratory,"not mentioned - walking, small",,Terrestrial,Animalia,15.925,pantheria05 doi: 10.1890/08-1494.1,omnivore,pantheria05 doi: 10.1890/08-1494.1,,,walking,non-flying terrestrial mammal,N,"McNab, 2008",N,"McNab, 2008",non-highland specialist,NA,"McNab, 2008",NA,Rattus,fuscipes,1,NA,NA,NA,NA,Raftus fuscipes; Rattus assimilis; Rattus assimilis =Rattus fuscipes   ; Rattus brazenori; Rattus coracius; Rattus fuscipes; Rattus glauerti; Rattus greyii; Rattus manicatus; Rattus mondraineus; Rattus murrayi; Rattus peccatus; Rattus pelori; Rattus ravus,"45,673,012,971,822,200,000,000,000,000,000,000,000",Rattus fuscipes,NA,NA
no,Desmognathus,monticola,Chordata,Amphibia,Caudata,NA,Adult,,,,,female,1642,AnAge,,,,,NA,NA,NA,,,,,NA,NA,,NA,NA,NA,NA,NA,NA,,,NA,NA,NA,NA,NA,NA,NA,NA,NA,NA,NA,NA,NA,NA,NA,NA,NA,NA,NA,NA,NA,NA
no,Desmarestia,viridis,Phaeophyceae,Phaeophyceae,Desmarestiales,Desmarestiaceae,gametophyte,,,,,,NA,,,,,,NA,NA,NA,,,,,NA,NA,,NA,NA,NA,NA,NA,NA,,,NA,NA,NA,NA,NA,NA,NA,NA,NA,NA,NA,NA,NA,NA,NA,NA,NA,NA,NA,NA,NA,NA
no,Desmarestia,aculeata,Phaeophyceae,Phaeophyceae,Desmarestiales,Desmarestiaceae,gametophyte,,,,,,NA,,,,,,NA,NA,NA,,,,,NA,NA,,NA,NA,NA,NA,NA,NA,,,NA,NA,NA,NA,NA,NA,NA,NA,NA,NA,NA,NA,NA,NA,NA,NA,NA,NA,NA,NA,NA,NA
no,Desmarestia,herbacea,Phaeophyceae,Phaeophyceae,Desmarestiales,Desmarestiaceae,gametophyte,,,,,,NA,,,,,,NA,NA,NA,,,,,NA,NA,,NA,NA,NA,NA,NA,NA,,,NA,NA,NA,NA,NA,NA,NA,NA,NA,NA,NA,NA,NA,NA,NA,NA,NA,NA,NA,NA,NA,NA
no,Desmarestia,willii,Phaeophyceae,Phaeophyceae,Desmarestiales,Desmarestiaceae,gametophyte,,,,,,NA,,,,,,ALH,NA,NA,,,,,NA,NA,,NA,NA,NA,NA,NA,NA,,,NA,NA,NA,NA,NA,NA,NA,NA,NA,NA,NA,NA,NA,NA,NA,NA,NA,NA,NA,NA,NA,NA
no,Dictyosiphon,foeniculaceus,Phaeophyceae,Phaeophyceae,Ectocarpales,Chordariaceae,gametophyte,none,its an annual and transition from gametophyte to sporophyte seems rapid. http://www.seaweedsofalaska.com/species.asp?SeaweedID=233. https://hmr.biomedcentral.com/track/pdf/10.1007/BF01987412. bu it can also reproduce clonally.  ,NA,,NA,10,were able to go from spores to microthallii in experiment ,,,180,say 6 months or less?  given annual life cycle,ALH,<1km,"female gametes settled within 1 h after release, while males remained motel for several hours'. not a long time to be moved.",,,1,sedentary algae,non-migratory,its an algae,,NA,NA,NA,NA,NA,NA,,,NA,NA,NA,NA,NA,NA,NA,NA,NA,NA,NA,NA,NA,NA,NA,NA,NA,NA,NA,NA,NA,NA
no,Dictyosiphon,hirsutus,Phaeophyceae,Phaeophyceae,Ectocarpales,Chordariaceae,gametophyte,summer,in falkland islands at least the species (sporophte) occurs as a summer annual. assume that gametophytes show opposite pattern  10.1080/00071619200650181,NA,,NA,10,"were able to go from spores to microthallii in experiment and do gametophyte-crosses, dont mention that it took a long time. seems like under lab conidtions must happen quickly",,,180,say 6 months or less?  given annual life cycle,ALH,<1km,"female gametes settled within 1 h after release, while males remained motel for several hours'. not a long time to be moved.",,,1,sedentary algae,non-migratory,its an algae,,NA,NA,NA,NA,NA,NA,,,NA,NA,NA,NA,NA,NA,NA,NA,NA,NA,NA,NA,NA,NA,NA,NA,NA,NA,NA,NA,NA,NA
no,Dumontia,contorta,Phaeophyceae,Phaeophyceae,Ectocarpales,Chordariaceae,microthalli,none,"species=complicated with 3 structurally different 'portions': 1) crustose stage (basal disc) = microthallus, 2) juvenille erect thallus, 3) mature thallus. + the gemotpphyte which they dont talk about doi 10.1111/j.0022-3646.1984.00336. 'erect gametophytic macrothallii araise from crustose microthallii in Oct-Nov, reproductive structures not seen until Apr/May. AFter spores releases macrothallus appears to decay such that none are left in Sept, although some basal remnants were frequently observed (can species regrow from these? doesnt say). 'microthallus collected year round, suggesting it acts as a perennial even though the macrothallus acts as an annual. (pg 344)",NA,,NA,unk,dont track individual microthalli,,,>360,know its perennial but not how long it lives,ALH,1-10km,microthallii doesnt disperse at all but spores must,,,1,sedentary algae,non-migratory,its an algae,,NA,NA,<1 to 1.5,"microthallus. 10.1111/j.0022-3646.1984.00336
",NA,NA,,,NA,NA,NA,NA,NA,NA,NA,NA,NA,NA,NA,NA,NA,NA,NA,NA,NA,NA,NA,NA,NA,NA
no,Haplogloia,andersonii,Phaeophyceae,Phaeophyceae,Ectocarpales,Chordariaceae,gametophyte,summer,"annual sporophytes appearing in the spring and summer, becoming fertile sooner in the south than in the north . So assume that gametophytes are produced mid summer and last until spring. http://ucjeps.berkeley.edu/guide/brown42.html",NA,,NA,30,"presumably spores have to fertilize eachother (ie produce gametophyte)  in summer and overwinters as gametophyte, ",,,240,"""it is a spring annual..."" guessing gametpphytes produced in summer and last until spring",ALH,1-10km,total guess - has micro sporophyte cells that float around for some distance before and after fertilization,,,,,NA,NA,,NA,NA,<1,gametophyte = microscopic,NA,NA,,,NA,NA,NA,NA,NA,NA,NA,NA,NA,NA,NA,NA,NA,NA,NA,NA,NA,NA,NA,NA,NA,NA
no,Sphaerotrichia,divaricata,Phaeophyceae,Phaeophyceae,Ectocarpales,Chordariaceae,gametophyte,summer,"(sporophyte: adult thalli ""are to be found in summer"" but microthalli (juveniles) cansupport summer and winter conditions, so presumably last year round... Hoek et al Algae: An Introduction to Phycology Gooogle books p196) ""During the rest of the year it survives...(as)... microscopic gametophytes. Peters et al 1993, Hydrobiologia (found via google books)",NA,,NA,30,bit of a guess - paper got gametophytes to mate after 2 weeks at apropriate conditions.  this is a reasonable minimum age then. Peters etal (1993) Hydrobologia.,,,270,spends 9 months of year as gametophyte,ALH,10-100km,spends 9 montsh in microscopic form so presumably can move pretty far,,,10-100km,its unattached and drifting as a gametophyte so no real home range. could use dispersal distance (which is. a guess),NA,NA,,NA,NA,<1,"40cm for sporophyte, microscopic for gametophyteHoek etal Algae: An Introduction to Phycology. Google books.  p195",NA,NA,,,NA,NA,NA,NA,NA,NA,NA,NA,NA,NA,NA,NA,NA,NA,NA,NA,NA,NA,NA,NA,NA,NA
no,Tinocladia,falklandica,Phaeophyceae,Phaeophyceae,Ectocarpales,Chordariaceae,microthalli,none,guess - not many annual marine algae,NA,,NA,unk,"only ref unavailable online: Papenfuss, G.F. (1964). Catalogue and bibliography of Antarctic and Sub-Antarctic benthic marine algae",,,unk,"only ref unavailable online: Papenfuss, G.F. (1964). Catalogue and bibliography of Antarctic and Sub-Antarctic benthic marine algae",ALH,unk,NA,,,,,NA,NA,,NA,NA,NA,NA,NA,NA,,,NA,NA,NA,NA,NA,NA,NA,NA,NA,NA,NA,NA,NA,NA,NA,NA,NA,NA,NA,NA,NA,NA
no,Trachynema,groenlandicum,Phaeophyceae,Phaeophyceae,Ectocarpales,Chordariaceae,microthalli,none,guess - not many annual marine algae,NA,,NA,unk,"there is literally no information on this species, except for a reference in ... Danish? that I can't find: Pedersen, P.M. (2011). Grønlands havalger. pp. [1] 7-208. Copenhagen: Forlaget Epsilon.DK.

",,,unk,"there is literally no information on this species, except for a reference in ... Danish? that I can't find: Pedersen, P.M. (2011). Grønlands havalger. pp. [1] 7-208. Copenhagen: Forlaget Epsilon.DK.

",ALH,1-10km,total guess - has micro sporophyte cells that float around for some distance before and after fertilization,,,1,sedentary algae,non-migratory,its an algae,,marine,NA,unk,NA,NA,NA,,,NA,NA,NA,NA,NA,NA,NA,NA,NA,NA,NA,NA,NA,NA,NA,NA,NA,NA,NA,NA,NA,NA
no,Laminaria,longicruris,Phaeophyceae,Phaeophyceae,Laminariales,Laminariaceae,gametophyte,none,lives >1 year,NA,,NA,200,"6 wk before big enough to be identified in microscope. but time from then to when they reproduce (or even size at first reproduction) not given. ""Fecundity was related to plant size and not to plant age."" Chapman 1986 DOI: 10.1016/0022-0981(86)90113-9.  small plants estimated to take 150 days to reach next (reproductive) size class. Ang 1990 Marine Ecol Progress Series. 6wx x 7 d/wk + 150 d = 192 d. so say 200",,,1440,"impossible to age adult plants in field, but from turnover experiments estimate sporangial plants were found to survive to a maximum age of 4 years (unpublished data) http://www.fao.org/3/X5819E/x5819e08.htm",ALH,1-10km,total guess - has micro sporophyte cells that float around for some distance before and after fertilization,,,1,sedentary algae as adult,non-migratory,its an algae,,marine,NA,700,max blade length = 7m. http://www.fao.org/3/X5819E/x5819e08.htm,NA,NA,,,NA,NA,NA,NA,NA,NA,NA,NA,NA,NA,NA,NA,NA,NA,NA,NA,NA,NA,NA,NA,NA,NA
no,Gigartina,teedii,Rhodophyta,Florideophyceae,Gigartinales,Gigartinaceae,adult,none,doesnt seem to be an annual,NA,,NA,100,95-105 days; Guiry 1984 pg49  https://doi.org/10.1080/00071618400650051,,,unk,,ALH,unk,no information about this at all,,,1,sedentary algae (mostly - can dettach and float around but no info on dispersal distances or whether it reattaches etc),non-migratory,its an algae,,marine,NA,NA,NA,,NA,,,NA,NA,NA,NA,NA,NA,NA,NA,NA,NA,NA,NA,NA,NA,NA,NA,NA,NA,NA,NA,NA,NA
no,Anisotome,imbricata,Streptophyta,Spermatophyta,Apiales,Apiaceae,NA,,,,,,NA,,,,,,NA,NA,NA,,,,,NA,NA,,NA,NA,NA,NA,NA,NA,,,NA,NA,NA,NA,NA,NA,NA,NA,NA,NA,NA,NA,NA,NA,NA,NA,NA,NA,NA,NA,NA,NA
no,Artemisia,californica,Streptophyta,Spermatophyta,Asterales,Asteraceae,NA,none,guess - Californian shrub + didn't read anything about it,NA,NA,NA,250-305,Pratt et al 2014,,,unk,,NA,NA,NA,,,,,NA,NA,,NA,NA,NA,NA,NA,NA,,,NA,NA,NA,NA,NA,NA,NA,NA,NA,NA,NA,NA,NA,NA,NA,NA,NA,NA,NA,NA,NA,NA
no,Celmisia,haastii,Streptophyta,Spermatophyta,Asterales,Asteraceae,NA,,,,,,NA,,,,,,NA,NA,NA,,,,,NA,NA,,NA,NA,NA,NA,NA,NA,,,NA,NA,NA,NA,NA,NA,NA,NA,NA,NA,NA,NA,NA,NA,NA,NA,NA,NA,NA,NA,NA,NA
no,Celmisia,viscosa,Streptophyta,Spermatophyta,Asterales,Asteraceae,NA,,,NA,NA,NA,2920,Cambell 1981 - time between major flowering peaks,,,unk,,NA,NA,NA,,,,,NA,NA,,NA,NA,NA,NA,NA,NA,,,NA,NA,NA,NA,NA,NA,NA,NA,NA,NA,NA,NA,NA,NA,NA,NA,NA,NA,NA,NA,NA,NA
no,Encelia,farinosa,Streptophyta,Spermatophyta,Asterales,Asteraceae,NA,none,flowers twice in the year - Ehleringer 1984,NA,NA,NA,,,,,,,NA,NA,NA,,,,,NA,NA,,NA,NA,NA,NA,NA,NA,,,NA,NA,NA,NA,NA,NA,NA,NA,NA,NA,NA,NA,NA,NA,NA,NA,NA,NA,NA,NA,NA,NA
no,Atriplex,hymenelytra,Streptophyta,Spermatophyta,Caryophyllales,Amaranthaceae,NA,,,,,,,,,,,,NA,NA,NA,,,,,NA,NA,,NA,NA,NA,NA,NA,NA,,,NA,NA,NA,NA,NA,NA,NA,NA,NA,NA,NA,NA,NA,NA,NA,NA,NA,NA,NA,NA,NA,NA
no,Atriplex,leucophylla,Streptophyta,Spermatophyta,Caryophyllales,Amaranthaceae,NA,,"? perennial plant, annual",NA,NA,NA,,,,,,,NA,NA,NA,,,,,NA,NA,,NA,NA,NA,NA,NA,NA,,,NA,NA,NA,NA,NA,NA,NA,NA,NA,NA,NA,NA,NA,NA,NA,NA,NA,NA,NA,NA,NA,NA
no,Silene,acaulis,Streptophyta,Spermatophyta,Caryophyllales,Caryophyllaceae,NA,none,evergreen perennial,NA,NA,NA,9015.5,Morris and Doak 1998 (24.7 years),,,109500,Morris and Doak 1998 - 300 years (low survival),NA,NA,NA,,,,,NA,NA,,NA,NA,NA,NA,NA,NA,,,NA,NA,NA,NA,NA,NA,NA,NA,NA,NA,NA,NA,NA,NA,NA,NA,NA,NA,NA,NA,NA,NA
no,Hectorella,caespitosa,Streptophyta,Spermatophyta,Caryophyllales,Montiaceae,NA,,,,,,,,,,,,NA,NA,NA,,,,,NA,NA,,NA,NA,NA,NA,NA,NA,,,NA,NA,NA,NA,NA,NA,NA,NA,NA,NA,NA,NA,NA,NA,NA,NA,NA,NA,NA,NA,NA,NA
no,Eriogonum,latifolium,Streptophyta,Spermatophyta,Caryophyllales,Polygonaceae,NA,,,,,,,,,,,,NA,NA,NA,,,,,NA,NA,,NA,NA,NA,NA,NA,NA,,,NA,NA,NA,NA,NA,NA,NA,NA,NA,NA,NA,NA,NA,NA,NA,NA,NA,NA,NA,NA,NA,NA
no,Eriogonum,fasciculatum,Streptophyta,Spermatophyta,Caryophyllales,Polygonaceae,NA,,,,,,,,,,,,NA,NA,NA,,,,,NA,NA,,NA,NA,NA,NA,NA,NA,,,NA,NA,NA,NA,NA,NA,NA,NA,NA,NA,NA,NA,NA,NA,NA,NA,NA,NA,NA,NA,NA,NA
no,Dracophyllum,muscoides,Streptophyta,Spermatophyta,Ericales,Ericaceae,NA,,,,,,,,,,,,NA,NA,NA,,,,,NA,NA,,NA,NA,NA,NA,NA,NA,,,NA,NA,NA,NA,NA,NA,NA,NA,NA,NA,NA,NA,NA,NA,NA,NA,NA,NA,NA,NA,NA,NA
no,Salvia,leucophylla,Streptophyta,Spermatophyta,Lamiales,Lamiaceae,NA,,,,,,,,,,,,NA,NA,NA,,,,,NA,NA,,NA,NA,NA,NA,NA,NA,,,NA,NA,NA,NA,NA,NA,NA,NA,NA,NA,NA,NA,NA,NA,NA,NA,NA,NA,NA,NA,NA,NA
no,Salvia,mohavensis,Streptophyta,Spermatophyta,Lamiales,Lamiaceae,NA,,,,,,,,,,,,NA,NA,NA,,,,,NA,NA,,NA,NA,NA,NA,NA,NA,,,NA,NA,NA,NA,NA,NA,NA,NA,NA,NA,NA,NA,NA,NA,NA,NA,NA,NA,NA,NA,NA,NA
no,Bromus,tectorum,Streptophyta,Spermatophyta,Poales,Poaceae,young,,,,,,,,,,,,NA,NA,NA,,,,,NA,NA,,NA,NA,NA,NA,NA,NA,,,NA,NA,NA,NA,NA,NA,NA,NA,NA,NA,NA,NA,NA,NA,NA,NA,NA,NA,NA,NA,NA,NA
no,Bromus,rubens,Streptophyta,Spermatophyta,Poales,Poaceae,young,,,,,,,,,,,,NA,NA,NA,,,,,NA,NA,,NA,NA,NA,NA,NA,NA,,,NA,NA,NA,NA,NA,NA,NA,NA,NA,NA,NA,NA,NA,NA,NA,NA,NA,NA,NA,NA,NA,NA
no,Poa,colensoi,Streptophyta,Spermatophyta,Poales,Poaceae,NA,,,,,,,,,,,,NA,NA,NA,,,,,NA,NA,,NA,NA,NA,NA,NA,NA,,,NA,NA,NA,NA,NA,NA,NA,NA,NA,NA,NA,NA,NA,NA,NA,NA,NA,NA,NA,NA,NA,NA
,Palirhoeus,eatoni,Arthropoda,Insecta,Coleoptera,Brachyceridae,adult,winter,guestimate: lives in antarctica,NA,,unknown,unknown,NA,unknown,NA,unknown,NA,Wilco+Piero,100-1000km,succesfully dispersed across 2 islands in the antarctic that were separated >500 km apart: island of Kerguélen and island of Crozet,unknown,NA,unknown,NA,Non-migratory,guestimate,,Terrestrial,Animalia,0.55,https://repository.up.ac.za/bitstream/handle/2263/27500/Complete.pdf?sequence=8,herbivore,"Chown (1994) JOURNAL OF NATURAL HISTORY, 1994, 28, 411--433 ",,,Flying/Rafting?,experts guess,NA,NA,NA,NA,NA,NA,NA,NA,NA,NA,NA,NA,NA,NA,NA,NA,NA,NA,NA,NA
,Calathus,melanocephalus,Arthropoda,Insecta,Coleoptera,Carabidae,adults,"spring, winter",https://link.springer.com/article/10.1134/S0013873806080057 + https://www.semanticscholar.org/paper/Seasonal-aspects-of-life-cycles-in-Calathus-and-C.-Filippov/8f6f9cd682bd782584d6dfb2432765d41830170e/figure/5 + https://www.naturespot.org.uk/species/calathus-melanocephalus ,NA,,unknown,285-690,https://link.springer.com/article/10.1134/S0013873806080057 + https://www.semanticscholar.org/paper/Seasonal-aspects-of-life-cycles-in-Calathus-and-C.-Filippov/8f6f9cd682bd782584d6dfb2432765d41830170e/figure/5,,,105-390,https://www.semanticscholar.org/paper/Seasonal-aspects-of-life-cycles-in-Calathus-and-C.-Filippov/8f6f9cd682bd782584d6dfb2432765d41830170e/figure/5,Wilco+Piero,10-100km,https://link.springer.com/article/10.1007/BF02515767,unknown,NA,unknown,NA,Non-migratory,guestimate,,Terrestrial,Animalia,0.7,"van Noordwijk CGE, Verberk WCEP, Turin H, Heijerman T, Alders K, Dekoninck W, Hannig K, Regan EC, McCormack S, Brown MJF, Remke E, Siepel H, Berg MP & Bonte D (2015) Species-area relationships are modulated by trophic rank, habitat affinity and dispersal ability. Ecology 96: 518-531. doi: 10.1890/14-0082.1",herbivore,"van Noordwijk CGE, Verberk WCEP, Turin H, Heijerman T, Alders K, Dekoninck W, Hannig K, Regan EC, McCormack S, Brown MJF, Remke E, Siepel H, Berg MP & Bonte D (2015) Species-area relationships are modulated by trophic rank, habitat affinity and dispersal ability. Ecology 96: 518-531. doi: 10.1890/14-0082.1",,,Flying,"van Noordwijk CGE, Verberk WCEP, Turin H, Heijerman T, Alders K, Dekoninck W, Hannig K, Regan EC, McCormack S, Brown MJF, Remke E, Siepel H, Berg MP & Bonte D (2015) Species-area relationships are modulated by trophic rank, habitat affinity and dispersal ability. Ecology 96: 518-531. doi: 10.1890/14-0082.1 Categorized as: intermediate dispersers (species capable of flight but with few flight records or low proportions of macropterous individuals)",NA,NA,NA,NA,NA,NA,NA,"feeds during the night, hides under rocks during the day, so it does not experience the hottest time during the day",NA,NA,NA,NA,NA,NA,NA,NA,NA,NA,NA,NA
,Glossina,pallidipes,Arthropoda,Insecta,Diptera,Glossinidae,adult,none,,,,female,15-25,https://www.ncbi.nlm.nih.gov/pmc/articles/PMC5576662/ + https://en.wikipedia.org/wiki/Tsetse_fly,,,160,https://academic.oup.com/beheco/article/8/4/392/207550,Susana+Wilco+Piero,1-10km,Brightwell et al. 1992 Bull Entom Research 82:167-182: estimate is based on average root mean square displacement of 175m per day; Williams et al (1992) Journal of Applied Ecology 29: 163-179: dispersal refers to advancement of population front in one year (Williams et al 1992 );,,,,,Non-migratory,guestimate,,Terrestrial,Animalia,1.5,https://en.wikipedia.org/wiki/Tsetse_fly,carnivore,"Leak, S. G. (1999).攳etse biology and ecology: their role in the epidemiology and control of trypanosomosis.接w York: CABI publishing.",,,Flying,NA,NA,NA,NA,NA,No,NA,Terblanche et al (2006) The American Journal of Tropical Medicine and Hygeine 74: 786-794,NA,NA,NA,NA,NA,NA,NA,NA,NA,NA,NA,NA,NA
,Myrmecocystus,depilis,Arthropoda,Insecta,Hymenoptera,Formicidae,adult,summer,hottest months of the year (June to September include in the desert southern areas of their range) aestivation https://docs.google.com/spreadsheets/d/19V7wEqsh-hf9YSYqTk-nHGxy9o76BAK_mq0rPZkx0R4/edit#gid=0 + http://www.antwiki.org/wiki/Myrmecocystus_species_groups,,,female,90,Queen - http://www.antwiki.org/wiki/Myrmecocystus,,,6205,"https://books.google.ca/books?id=R-7TaridBX0C&pg=PA172&lpg=PA172&dq=Myrmecocystus+depilis+days&source=bl&ots=sL0Rg6GM5a&sig=ACfU3U2EOG24gWX5JB9WuRWbkz50Hgm01w&hl=fr&sa=X&ved=2ahUKEwiwxey60rThAhXKjVkKHXtHBIMQ6AEwCHoECAgQAQ#v=onepage&q=Myrmecocystus%20depilis%20days&f=false+Hölldobler B, Grillenberger B, Gadau J (2011) Queen number and raiding behavior in the ant genus Myrmecocystus (Hymenoptera: Formicidae). Myrmecol News 15:53–61",Wilco+Piero,1-10km,https://en.wikipedia.org/wiki/Myrmecocystus_mexicanus#Nuptial_flights,,,,,Non-migratory,guestimate,,Terrestrial,Animalia,0.8,http://www.antwiki.org/wiki/Myrmecocystus_depilis,omnivore,http://www.antwiki.org/wiki/Myrmecocystus_depilis,,,Flying,Reproductive forms perform a nuptial flight at the beginning of fall,NA,NA,NA,NA,NA,NA,NA,NA,NA,NA,NA,NA,NA,NA,NA,NA,NA,NA,NA,NA
,Alosa,pseudoharengus,Chordata,Actinopterygii,Clupeiformes,Clupeidae,adult,none,anadromous fish - Durbin et al 1979 https://esajournals.onlinelibrary.wiley.com/doi/epdf/10.2307/1936461,winter,reproduce in spring and stays few months Durbin et al 1979 https://esajournals.onlinelibrary.wiley.com/doi/epdf/10.2307/1936461,female,1642,AnAge,,,1825 - 3650,typical - range lifespan https://animaldiversity.org/accounts/Alosa_pseudoharengus/,NA,NA,NA,,,,,NA,NA,,NA,NA,NA,NA,NA,NA,,,NA,NA,NA,NA,NA,NA,NA,NA,NA,NA,NA,NA,NA,NA,NA,NA,NA,NA,NA,NA,NA,NA
,Catostomus,clarkii,Chordata,Actinopterygii,Cypriniformes,Catostomidae,adult,,,,,,NA,,,,,,NA,NA,NA,,,,,NA,NA,,NA,NA,NA,NA,NA,NA,,,NA,NA,NA,NA,NA,NA,NA,NA,NA,NA,NA,NA,NA,NA,NA,NA,NA,NA,NA,NA,NA,NA
,Agosia,chrysogaster,Chordata,Actinopterygii,Cypriniformes,Cyprinidae,adult,none,http://explorer.natureserve.org/servlet/NatureServe?searchName=Agosia+chrysogaster,NA,,,unkown,,,,1095,http://explorer.natureserve.org/servlet/NatureServe?searchName=Agosia+chrysogaster,Wilco+Piero,1-10km,estimate for dispersal distance over a year,,,,,Non-migratory,guestimate,,Freshwater,Animalia,10,fishbase,omnivore,https://link.springer.com/article/10.1007/BF00004849,,,NA,NA,NA,NA,NA,NA,NA,NA,NA,It is tolerant of high temperatures and low dissolved oxygen,NA,NA,NA,NA,NA,NA,NA,NA,NA,NA,NA,NA
,Gila,robusta,Chordata,Actinopterygii,Cypriniformes,Cyprinidae,adult,unknown,NA,,,both,1095,https://www.fs.usda.gov/Internet/FSE_DOCUMENTS/stelprdb5206785.pdf,,,2920,fishbase + https://www.fs.usda.gov/Internet/FSE_DOCUMENTS/stelprdb5206785.pdf ,Wilco+Piero,NA,NA,,,,,NA,NA,,Freshwater,Animalia,43,fishbase,carnivore,"Arizona Game and Fish Department. 2002. Gila robusta. Unpublished abstract compiled and edited by the Heritage Data Management System, Arizona Game and Fish Department, Phoenix, AZ. 5 pp.",,,NA,NA,NA,NA,NA,NA,NA,NA,NA,NA,NA,NA,NA,NA,NA,NA,NA,NA,NA,NA,NA,NA
,Meda,fulgida,Chordata,Actinopterygii,Cypriniformes,Cyprinidae,adult,none,,,,,NA,,,,,,Wilco+Piero,NA,NA,,,,,NA,NA,,Freshwater,Animalia,0.91,fishbase,NA,NA,,,NA,NA,NA,NA,NA,NA,NA,NA,NA,NA,NA,NA,NA,NA,NA,NA,NA,NA,NA,NA,NA,NA
,Pogonichthys,macrolepidotus,Chordata,Actinopterygii,Cypriniformes,Cyprinidae,NA,none,,,,,NA,,,,,,Wilco+Piero,NA,NA,,,,,NA,NA,,Freshwater,Animalia,NA,NA,NA,NA,,,NA,NA,NA,NA,NA,NA,NA,NA,NA,NA,NA,NA,NA,NA,NA,NA,NA,NA,NA,NA,NA,NA
,Rhinichthys,cobitis,Chordata,Actinopterygii,Cypriniformes,Cyprinidae,adult,none,,,,,NA,,,,,,Wilco+Piero,NA,NA,,,,,NA,NA,,Freshwater,Animalia,NA,NA,NA,NA,,,NA,NA,NA,NA,NA,NA,NA,NA,NA,NA,NA,NA,NA,NA,NA,NA,NA,NA,NA,NA,NA,NA
,Cyprinodon,macularius,Chordata,Actinopterygii,Cyprinodontiformes,Cyprinodontidae,adult,,,,,,NA,,,,,,NA,NA,NA,,,,,NA,NA,,NA,NA,NA,NA,NA,NA,,,NA,NA,NA,NA,NA,NA,NA,NA,NA,NA,NA,NA,NA,NA,NA,NA,NA,NA,NA,NA,NA,NA
,Galaxias,fasciatus,Chordata,Actinopterygii,Galaxiiformes,Galaxiidae,juvenile,,,,,,NA,,,,,,NA,NA,NA,,,,,NA,NA,,NA,NA,NA,NA,NA,NA,,,NA,NA,NA,NA,NA,NA,NA,NA,NA,NA,NA,NA,NA,NA,NA,NA,NA,NA,NA,NA,NA,NA
,Galaxias,maculatus,Chordata,Actinopterygii,Galaxiiformes,Galaxiidae,juvenile,,,,,,NA,,,,,,NA,NA,NA,,,,,NA,NA,,NA,NA,NA,NA,NA,NA,,,NA,NA,NA,NA,NA,NA,NA,NA,NA,NA,NA,NA,NA,NA,NA,NA,NA,NA,NA,NA,NA,NA
,Gillichthys,mirabilis,Chordata,Actinopterygii,Gobiiformes,Oxudercidae,adult,,,,,,NA,,,,,,NA,NA,NA,,,,,NA,NA,,NA,NA,NA,NA,NA,NA,,,NA,NA,NA,NA,NA,NA,NA,NA,NA,NA,NA,NA,NA,NA,NA,NA,NA,NA,NA,NA,NA,NA
,Ambassis,ambassis,Chordata,Actinopterygii,NA,Ambassidae,NA,,,,,,NA,,,,,,NA,NA,NA,,,,,NA,NA,,NA,NA,NA,NA,NA,NA,,,NA,NA,NA,NA,NA,NA,NA,NA,NA,NA,NA,NA,NA,NA,NA,NA,NA,NA,NA,NA,NA,NA
,Apogon,dovii,Chordata,Actinopterygii,NA,Apogonidae,NA,,,,,,NA,,,,,,NA,NA,NA,,,,,NA,NA,,NA,NA,NA,NA,NA,NA,,,NA,NA,NA,NA,NA,NA,NA,NA,NA,NA,NA,NA,NA,NA,NA,NA,NA,NA,NA,NA,NA,NA
,Lipophrys,pholis,Chordata,Actinopterygii,NA,Blenniidae,NA,,,,,,NA,,,,,,NA,NA,NA,,,,,NA,NA,,NA,NA,NA,NA,NA,NA,,,NA,NA,NA,NA,NA,NA,NA,NA,NA,NA,NA,NA,NA,NA,NA,NA,NA,NA,NA,NA,NA,NA
,Lipophrys,trigloides,Chordata,Actinopterygii,NA,Blenniidae,NA,,,,,,NA,,,,,,NA,NA,NA,,,,,NA,NA,,NA,NA,NA,NA,NA,NA,,,NA,NA,NA,NA,NA,NA,NA,NA,NA,NA,NA,NA,NA,NA,NA,NA,NA,NA,NA,NA,NA,NA
,Carpiodes,cyprinus,Chordata,Actinopterygii,Cypriniformes,Catostomidae,NA,,,,,,NA,,,,,,NA,NA,NA,,,,,NA,NA,,NA,NA,NA,NA,NA,NA,,,NA,NA,NA,NA,NA,NA,NA,NA,NA,NA,NA,NA,NA,NA,NA,NA,NA,NA,NA,NA,NA,NA
,Catostomus,commersonii,Chordata,Actinopterygii,Cypriniformes,Catostomidae,NA,,,,,,NA,,,,,,NA,NA,NA,,,,,NA,NA,,NA,NA,NA,NA,NA,NA,,,NA,NA,NA,NA,NA,NA,NA,NA,NA,NA,NA,NA,NA,NA,NA,NA,NA,NA,NA,NA,NA,NA
,Ambloplites,rupestris,Chordata,Actinopterygii,Perciformes,Centrarchidae,sub-adults,,,,,,NA,,,,,,NA,NA,NA,,,,,NA,NA,,NA,NA,NA,NA,NA,NA,,,NA,NA,NA,NA,NA,NA,NA,NA,NA,NA,NA,NA,NA,NA,NA,NA,NA,NA,NA,NA,NA,NA
,Lepomis,cyanellus,Chordata,Actinopterygii,Perciformes,Centrarchidae,NA,,,,,,NA,,,,,,NA,NA,NA,,,,,NA,NA,,NA,NA,NA,NA,NA,NA,,,NA,NA,NA,NA,NA,NA,NA,NA,NA,NA,NA,NA,NA,NA,NA,NA,NA,NA,NA,NA,NA,NA
,Lepomis,gibbosus,Chordata,Actinopterygii,Perciformes,Centrarchidae,juveniles,,,,,,NA,,,,,,NA,NA,NA,,,,,NA,NA,,NA,NA,NA,NA,NA,NA,,,NA,NA,NA,NA,NA,NA,NA,NA,NA,NA,NA,NA,NA,NA,NA,NA,NA,NA,NA,NA,NA,NA
,Lepomis,macrochirus,Chordata,Actinopterygii,Perciformes,Centrarchidae,NA,,,,,,NA,,,,,,NA,NA,NA,,,,,NA,NA,,NA,NA,NA,NA,NA,NA,,,NA,NA,NA,NA,NA,NA,NA,NA,NA,NA,NA,NA,NA,NA,NA,NA,NA,NA,NA,NA,NA,NA
,Lepomis,megalotis,Chordata,Actinopterygii,Perciformes,Centrarchidae,NA,none,,none,Fentress et al 2006 most individuals do not migrate,unknown,1095,https://www.dec.ny.gov/docs/wildlife_pdf/lesunfishrpt.pdf,,,1080 - 2190,"Animal diversity web, Anage",Sarah,NA,NA,,,0.00041 - 0.03721,Berra & Gunning 1972 the species home range is within 21 - 61 meters,NA,NA,,NA,NA,NA,NA,NA,NA,,,NA,NA,NA,NA,NA,NA,NA,NA,NA,NA,NA,NA,NA,NA,NA,NA,NA,NA,NA,NA,NA,NA
,Micropterus,punctulatus,Chordata,Actinopterygii,Perciformes,Centrarchidae,sub-adults,,,,,,NA,,,,,,NA,NA,NA,,,,,NA,NA,,NA,NA,NA,NA,NA,NA,,,NA,NA,NA,NA,NA,NA,NA,NA,NA,NA,NA,NA,NA,NA,NA,NA,NA,NA,NA,NA,NA,NA
,Pomoxis,annularis,Chordata,Actinopterygii,Perciformes,Centrarchidae,adults,,,,,,NA,,,,,,NA,NA,NA,,,,,NA,NA,,NA,NA,NA,NA,NA,NA,,,NA,NA,NA,NA,NA,NA,NA,NA,NA,NA,NA,NA,NA,NA,NA,NA,NA,NA,NA,NA,NA,NA
,Pomoxis,nigromaculatus,Chordata,Actinopterygii,Perciformes,Centrarchidae,adults,,,,,,NA,,,,,,NA,NA,NA,,,,,NA,NA,,NA,NA,NA,NA,NA,NA,,,NA,NA,NA,NA,NA,NA,NA,NA,NA,NA,NA,NA,NA,NA,NA,NA,NA,NA,NA,NA,NA,NA
,Lates,calcarifer,Chordata,Actinopterygii,Perciformes,Centropomidae,NA,,,,,,NA,,,,,,NA,NA,NA,,,,,NA,NA,,NA,NA,NA,NA,NA,NA,,,NA,NA,NA,NA,NA,NA,NA,NA,NA,NA,NA,NA,NA,NA,NA,NA,NA,NA,NA,NA,NA,NA
,Gymnocharacinus,bergii,Chordata,Actinopterygii,Characiformes,Characidae,NA,,,,,,NA,,,,,,NA,NA,NA,,,,,NA,NA,,NA,NA,NA,NA,NA,NA,,,NA,NA,NA,NA,NA,NA,NA,NA,NA,NA,NA,NA,NA,NA,NA,NA,NA,NA,NA,NA,NA,NA
,Etroplus,suratensis,Chordata,Actinopterygii,Perciformes,Cichlidae,NA,,,,,,NA,,,,,,NA,NA,NA,,,,,NA,NA,,NA,NA,NA,NA,NA,NA,,,NA,NA,NA,NA,NA,NA,NA,NA,NA,NA,NA,NA,NA,NA,NA,NA,NA,NA,NA,NA,NA,NA
,Cottus,gobio,Chordata,Actinopterygii,Scorpaeniformes,Cottidae,adults,,,,,,NA,,,,,,NA,NA,NA,,,,,NA,NA,,NA,NA,NA,NA,NA,NA,,,NA,NA,NA,NA,NA,NA,NA,NA,NA,NA,NA,NA,NA,NA,NA,NA,NA,NA,NA,NA,NA,NA
,Carassius,carassius,Chordata,Actinopterygii,Cypriniformes,Cyprinidae,NA,,,,,,NA,,,,,,NA,NA,NA,,,,,NA,NA,,NA,NA,NA,NA,NA,NA,,,NA,NA,NA,NA,NA,NA,NA,NA,NA,NA,NA,NA,NA,NA,NA,NA,NA,NA,NA,NA,NA,NA
,Chrosomus,erythrogaster,Chordata,Actinopterygii,Cypriniformes,Cyprinidae,NA,,,,,,NA,,,,,,NA,NA,NA,,,,,NA,NA,,NA,NA,NA,NA,NA,NA,,,NA,NA,NA,NA,NA,NA,NA,NA,NA,NA,NA,NA,NA,NA,NA,NA,NA,NA,NA,NA,NA,NA
,Cyprinella,lutrensis,Chordata,Actinopterygii,Cypriniformes,Cyprinidae,NA,,,,,,NA,,,,,,NA,NA,NA,,,,,NA,NA,,NA,NA,NA,NA,NA,NA,,,NA,NA,NA,NA,NA,NA,NA,NA,NA,NA,NA,NA,NA,NA,NA,NA,NA,NA,NA,NA,NA,NA
,Cyprinella,spiloptera,Chordata,Actinopterygii,Cypriniformes,Cyprinidae,sub-adults,,,,,,NA,,,,,,NA,NA,NA,,,,,NA,NA,,NA,NA,NA,NA,NA,NA,,,NA,NA,NA,NA,NA,NA,NA,NA,NA,NA,NA,NA,NA,NA,NA,NA,NA,NA,NA,NA,NA,NA
,Danio,rerio,Chordata,Actinopterygii,Cypriniformes,Cyprinidae,adults,,,,,,NA,,,,,,NA,NA,NA,,,,,NA,NA,,NA,NA,NA,NA,NA,NA,,,NA,NA,NA,NA,NA,NA,NA,NA,NA,NA,NA,NA,NA,NA,NA,NA,NA,NA,NA,NA,NA,NA
,Gobio,gobio,Chordata,Actinopterygii,Cypriniformes,Cyprinidae,NA,,,,,,NA,,,,,,NA,NA,NA,,,,,NA,NA,,NA,NA,NA,NA,NA,NA,,,NA,NA,NA,NA,NA,NA,NA,NA,NA,NA,NA,NA,NA,NA,NA,NA,NA,NA,NA,NA,NA,NA
,Hybognathus,placitus,Chordata,Actinopterygii,Cypriniformes,Cyprinidae,NA,,,,,,NA,,,,,,NA,NA,NA,,,,,NA,NA,,NA,NA,NA,NA,NA,NA,,,NA,NA,NA,NA,NA,NA,NA,NA,NA,NA,NA,NA,NA,NA,NA,NA,NA,NA,NA,NA,NA,NA
,Hypophthalmichthys,nobilis,Chordata,Actinopterygii,Cypriniformes,Cyprinidae,sub-adults,,,,,,NA,,,,,,NA,NA,NA,,,,,NA,NA,,NA,NA,NA,NA,NA,NA,,,NA,NA,NA,NA,NA,NA,NA,NA,NA,NA,NA,NA,NA,NA,NA,NA,NA,NA,NA,NA,NA,NA
,Luxilus,chrysocephalus,Chordata,Actinopterygii,Cypriniformes,Cyprinidae,NA,,,,,,NA,,,,,,NA,NA,NA,,,,,NA,NA,,NA,NA,NA,NA,NA,NA,,,NA,NA,NA,NA,NA,NA,NA,NA,NA,NA,NA,NA,NA,NA,NA,NA,NA,NA,NA,NA,NA,NA
,Luxilus,cornutus,Chordata,Actinopterygii,Cypriniformes,Cyprinidae,NA,,,,,,NA,,,,,,NA,NA,NA,,,,,NA,NA,,NA,NA,NA,NA,NA,NA,,,NA,NA,NA,NA,NA,NA,NA,NA,NA,NA,NA,NA,NA,NA,NA,NA,NA,NA,NA,NA,NA,NA
,Notemigonus,crysoleucas,Chordata,Actinopterygii,Cypriniformes,Cyprinidae,NA,,,,,,NA,,,,,,NA,NA,NA,,,,,NA,NA,,NA,NA,NA,NA,NA,NA,,,NA,NA,NA,NA,NA,NA,NA,NA,NA,NA,NA,NA,NA,NA,NA,NA,NA,NA,NA,NA,NA,NA
,Notropis,atherinoides,Chordata,Actinopterygii,Cypriniformes,Cyprinidae,NA,,,,,,NA,,,,,,NA,NA,NA,,,,,NA,NA,,NA,NA,NA,NA,NA,NA,,,NA,NA,NA,NA,NA,NA,NA,NA,NA,NA,NA,NA,NA,NA,NA,NA,NA,NA,NA,NA,NA,NA
,Notropis,hudsonius,Chordata,Actinopterygii,Cypriniformes,Cyprinidae,adults,,,,,,NA,,,,,,NA,NA,NA,,,,,NA,NA,,NA,NA,NA,NA,NA,NA,,,NA,NA,NA,NA,NA,NA,NA,NA,NA,NA,NA,NA,NA,NA,NA,NA,NA,NA,NA,NA,NA,NA
,Notropis,rubellus,Chordata,Actinopterygii,Cypriniformes,Cyprinidae,sub-adults,,,,,,NA,,,,,,NA,NA,NA,,,,,NA,NA,,NA,NA,NA,NA,NA,NA,,,NA,NA,NA,NA,NA,NA,NA,NA,NA,NA,NA,NA,NA,NA,NA,NA,NA,NA,NA,NA,NA,NA
,Notropis,stramineus,Chordata,Actinopterygii,Cypriniformes,Cyprinidae,NA,,,,,,NA,,,,,,NA,NA,NA,,,,,NA,NA,,NA,NA,NA,NA,NA,NA,,,NA,NA,NA,NA,NA,NA,NA,NA,NA,NA,NA,NA,NA,NA,NA,NA,NA,NA,NA,NA,NA,NA
,Pimephales,notatus,Chordata,Actinopterygii,Cypriniformes,Cyprinidae,sub-adults,,,,,,NA,,,,,,NA,NA,NA,,,,,NA,NA,,NA,NA,NA,NA,NA,NA,,,NA,NA,NA,NA,NA,NA,NA,NA,NA,NA,NA,NA,NA,NA,NA,NA,NA,NA,NA,NA,NA,NA
,Rhinichthys,osculus,Chordata,Actinopterygii,Cypriniformes,Cyprinidae,NA,,,,,,NA,,,,,,NA,NA,NA,,,,,NA,NA,,NA,NA,NA,NA,NA,NA,,,NA,NA,NA,NA,NA,NA,NA,NA,NA,NA,NA,NA,NA,NA,NA,NA,NA,NA,NA,NA,NA,NA
,Siphateles,bicolor,Chordata,Actinopterygii,Cypriniformes,Cyprinidae,juveniles,,,,,,NA,,,,,,NA,NA,NA,,,,,NA,NA,,NA,NA,NA,NA,NA,NA,,,NA,NA,NA,NA,NA,NA,NA,NA,NA,NA,NA,NA,NA,NA,NA,NA,NA,NA,NA,NA,NA,NA
,Squalius,cephalus,Chordata,Actinopterygii,NA,Cyprinidae,juveniles,,,,,,NA,,,,,,NA,NA,NA,,,,,NA,NA,,NA,NA,NA,NA,NA,NA,,,NA,NA,NA,NA,NA,NA,NA,NA,NA,NA,NA,NA,NA,NA,NA,NA,NA,NA,NA,NA,NA,NA
,Cyprinodon,bovinus,Chordata,Actinopterygii,Cyprinodontiformes,Cyprinodontidae,NA,,,,,,NA,,,,,,NA,NA,NA,,,,,NA,NA,,NA,NA,NA,NA,NA,NA,,,NA,NA,NA,NA,NA,NA,NA,NA,NA,NA,NA,NA,NA,NA,NA,NA,NA,NA,NA,NA,NA,NA
,Cyprinodon,dearborni,Chordata,Actinopterygii,Cyprinodontiformes,Cyprinodontidae,NA,,,,,,NA,,,,,,NA,NA,NA,,,,,NA,NA,,NA,NA,NA,NA,NA,NA,,,NA,NA,NA,NA,NA,NA,NA,NA,NA,NA,NA,NA,NA,NA,NA,NA,NA,NA,NA,NA,NA,NA
,Cyprinodon,nevadensis,Chordata,Actinopterygii,Cyprinodontiformes,Cyprinodontidae,NA,,,,,,NA,,,,,,NA,NA,NA,,,,,NA,NA,,NA,NA,NA,NA,NA,NA,,,NA,NA,NA,NA,NA,NA,NA,NA,NA,NA,NA,NA,NA,NA,NA,NA,NA,NA,NA,NA,NA,NA
,Gobiomorphus,basalis,Chordata,Actinopterygii,Perciformes,Eleotridae,juveniles adults,,,,,,NA,,,,,,NA,NA,NA,,,,,NA,NA,,NA,NA,NA,NA,NA,NA,,,NA,NA,NA,NA,NA,NA,NA,NA,NA,NA,NA,NA,NA,NA,NA,NA,NA,NA,NA,NA,NA,NA
,Gobiomorphus,cotidianus,Chordata,Actinopterygii,Perciformes,Eleotridae,juveniles adults,,,,,,NA,,,,,,NA,NA,NA,,,,,NA,NA,,NA,NA,NA,NA,NA,NA,,,NA,NA,NA,NA,NA,NA,NA,NA,NA,NA,NA,NA,NA,NA,NA,NA,NA,NA,NA,NA,NA,NA
,Fundulus,diaphanus,Chordata,Actinopterygii,Cyprinodontiformes,Fundulidae,Limnodynastes tasmaniensis,,,,,unknown,91.25,AmphiBio,,,,,NA,NA,NA,,,,,NA,NA,,NA,NA,NA,NA,NA,NA,,,NA,NA,NA,NA,NA,NA,NA,NA,NA,NA,NA,NA,NA,NA,NA,NA,NA,NA,NA,NA,NA,NA
,Fundulus,heteroclitus,Chordata,Actinopterygii,Cyprinodontiformes,Fundulidae,NA,,,,,,NA,,,,,,NA,NA,NA,,,,,NA,NA,,NA,NA,NA,NA,NA,NA,,,NA,NA,NA,NA,NA,NA,NA,NA,NA,NA,NA,NA,NA,NA,NA,NA,NA,NA,NA,NA,NA,NA
,Fundulus,notatus,Chordata,Actinopterygii,Cyprinodontiformes,Fundulidae,NA,,,,,,NA,,,,,,NA,NA,NA,,,,,NA,NA,,NA,NA,NA,NA,NA,NA,,,NA,NA,NA,NA,NA,NA,NA,NA,NA,NA,NA,NA,NA,NA,NA,NA,NA,NA,NA,NA,NA,NA
,Gobiesox,strumosus,Chordata,Actinopterygii,Perciformes,Gobiesocidae,adults,,,,,,NA,,,,,,NA,NA,NA,,,,,NA,NA,,NA,NA,NA,NA,NA,NA,,,NA,NA,NA,NA,NA,NA,NA,NA,NA,NA,NA,NA,NA,NA,NA,NA,NA,NA,NA,NA,NA,NA
,Bathygobius,fuscus,Chordata,Actinopterygii,Perciformes,Gobiidae,NA,,,,,,NA,,,,,,NA,NA,NA,,,,,NA,NA,,NA,NA,NA,NA,NA,NA,,,NA,NA,NA,NA,NA,NA,NA,NA,NA,NA,NA,NA,NA,NA,NA,NA,NA,NA,NA,NA,NA,NA
,Bathygobius,ramosus,Chordata,Actinopterygii,Perciformes,Gobiidae,NA,,,,,,NA,,,,,,NA,NA,NA,,,,,NA,NA,,NA,NA,NA,NA,NA,NA,,,NA,NA,NA,NA,NA,NA,NA,NA,NA,NA,NA,NA,NA,NA,NA,NA,NA,NA,NA,NA,NA,NA
,Gobiosoma,chiquita,Chordata,Actinopterygii,Perciformes,Gobiidae,NA,,,,,,NA,,,,,,NA,NA,NA,,,,,NA,NA,,NA,NA,NA,NA,NA,NA,,,NA,NA,NA,NA,NA,NA,NA,NA,NA,NA,NA,NA,NA,NA,NA,NA,NA,NA,NA,NA,NA,NA
,Haemulon,flavolineatum,Chordata,Actinopterygii,Perciformes,Haemulidae,NA,,,,,,NA,,,,,,NA,NA,NA,,,,,NA,NA,,NA,NA,NA,NA,NA,NA,,,NA,NA,NA,NA,NA,NA,NA,NA,NA,NA,NA,NA,NA,NA,NA,NA,NA,NA,NA,NA,NA,NA
,Ameiurus,catus,Chordata,Actinopterygii,Siluriformes,Ictaluridae,juveniles,,,,,,NA,,,,,,NA,NA,NA,,,,,NA,NA,,NA,NA,NA,NA,NA,NA,,,NA,NA,NA,NA,NA,NA,NA,NA,NA,NA,NA,NA,NA,NA,NA,NA,NA,NA,NA,NA,NA,NA
,Ameiurus,nebulosus,Chordata,Actinopterygii,Siluriformes,Ictaluridae,NA,,,,,,NA,,,,,,NA,NA,NA,,,,,NA,NA,,NA,NA,NA,NA,NA,NA,,,NA,NA,NA,NA,NA,NA,NA,NA,NA,NA,NA,NA,NA,NA,NA,NA,NA,NA,NA,NA,NA,NA
,Ictalurus,punctatus,Chordata,Actinopterygii,Siluriformes,Ictaluridae,juveniles,,,,,,NA,,,,,,NA,NA,NA,,,,,NA,NA,,NA,NA,NA,NA,NA,NA,,,NA,NA,NA,NA,NA,NA,NA,NA,NA,NA,NA,NA,NA,NA,NA,NA,NA,NA,NA,NA,NA,NA
,Kuhlia,sandvicensis,Chordata,Actinopterygii,Perciformes,Kuhliidae,NA,,,,,,NA,,,,,,NA,NA,NA,,,,,NA,NA,,NA,NA,NA,NA,NA,NA,,,NA,NA,NA,NA,NA,NA,NA,NA,NA,NA,NA,NA,NA,NA,NA,NA,NA,NA,NA,NA,NA,NA
,Morone,saxatilis,Chordata,Actinopterygii,Perciformes,Moronidae,juveniles,,,,,,NA,,,,,,NA,NA,NA,,,,,NA,NA,,NA,NA,NA,NA,NA,NA,,,NA,NA,NA,NA,NA,NA,NA,NA,NA,NA,NA,NA,NA,NA,NA,NA,NA,NA,NA,NA,NA,NA
,Chelon,subviridis,Chordata,Actinopterygii,NA,Mugilidae,NA,,,,,,NA,,,,,,NA,NA,NA,,,,,NA,NA,,NA,NA,NA,NA,NA,NA,,,NA,NA,NA,NA,NA,NA,NA,NA,NA,NA,NA,NA,NA,NA,NA,NA,NA,NA,NA,NA,NA,NA
,Gobionotothen,gibberifrons,Chordata,Actinopterygii,Perciformes,Nototheniidae,NA,,,,,,NA,,,,,,NA,NA,NA,,,,,NA,NA,,NA,NA,NA,NA,NA,NA,,,NA,NA,NA,NA,NA,NA,NA,NA,NA,NA,NA,NA,NA,NA,NA,NA,NA,NA,NA,NA,NA,NA
,Notothenia,coriiceps,Chordata,Actinopterygii,Perciformes,Nototheniidae,NA,,,,,,NA,,,,,,NA,NA,NA,,,,,NA,NA,,NA,NA,NA,NA,NA,NA,,,NA,NA,NA,NA,NA,NA,NA,NA,NA,NA,NA,NA,NA,NA,NA,NA,NA,NA,NA,NA,NA,NA
,Pagothenia,borchgrevinki,Chordata,Actinopterygii,Perciformes,Nototheniidae,NA,,,,,,NA,,,,,,NA,NA,NA,,,,,NA,NA,,NA,NA,NA,NA,NA,NA,,,NA,NA,NA,NA,NA,NA,NA,NA,NA,NA,NA,NA,NA,NA,NA,NA,NA,NA,NA,NA,NA,NA
,Trematomus,hansoni,Chordata,Actinopterygii,Perciformes,Nototheniidae,NA,,,,,,NA,,,,,,NA,NA,NA,,,,,NA,NA,,NA,NA,NA,NA,NA,NA,,,NA,NA,NA,NA,NA,NA,NA,NA,NA,NA,NA,NA,NA,NA,NA,NA,NA,NA,NA,NA,NA,NA
,Hypomesus,transpacificus,Chordata,Actinopterygii,Osmeriformes,Osmeridae,adults,,,,,,NA,,,,,,NA,NA,NA,,,,,NA,NA,,NA,NA,NA,NA,NA,NA,,,NA,NA,NA,NA,NA,NA,NA,NA,NA,NA,NA,NA,NA,NA,NA,NA,NA,NA,NA,NA,NA,NA
,Osmerus,mordax,Chordata,Actinopterygii,Osmeriformes,Osmeridae,adults,,,,,,NA,,,,,,NA,NA,NA,,,,,NA,NA,,NA,NA,NA,NA,NA,NA,,,NA,NA,NA,NA,NA,NA,NA,NA,NA,NA,NA,NA,NA,NA,NA,NA,NA,NA,NA,NA,NA,NA
,Etheostoma,caeruleum,Chordata,Actinopterygii,Perciformes,Percidae,NA,,,,,,NA,,,,,,NA,NA,NA,,,,,NA,NA,,NA,NA,NA,NA,NA,NA,,,NA,NA,NA,NA,NA,NA,NA,NA,NA,NA,NA,NA,NA,NA,NA,NA,NA,NA,NA,NA,NA,NA
,Etheostoma,flabellare,Chordata,Actinopterygii,Perciformes,Percidae,NA,,,,,,NA,,,,,,NA,NA,NA,,,,,NA,NA,,NA,NA,NA,NA,NA,NA,,,NA,NA,NA,NA,NA,NA,NA,NA,NA,NA,NA,NA,NA,NA,NA,NA,NA,NA,NA,NA,NA,NA
,Etheostoma,nigrum,Chordata,Actinopterygii,Perciformes,Percidae,NA,,,,,,NA,,,,,,NA,NA,NA,,,,,NA,NA,,NA,NA,NA,NA,NA,NA,,,NA,NA,NA,NA,NA,NA,NA,NA,NA,NA,NA,NA,NA,NA,NA,NA,NA,NA,NA,NA,NA,NA
,Etheostoma,spectabile,Chordata,Actinopterygii,Perciformes,Percidae,NA,,,,,,NA,,,,,,NA,NA,NA,,,,,NA,NA,,NA,NA,NA,NA,NA,NA,,,NA,NA,NA,NA,NA,NA,NA,NA,NA,NA,NA,NA,NA,NA,NA,NA,NA,NA,NA,NA,NA,NA
,Gymnocephalus,cernua,Chordata,Actinopterygii,NA,Percidae,NA,,,,,,NA,,,,,,NA,NA,NA,,,,,NA,NA,,NA,NA,NA,NA,NA,NA,,,NA,NA,NA,NA,NA,NA,NA,NA,NA,NA,NA,NA,NA,NA,NA,NA,NA,NA,NA,NA,NA,NA
,Perca,flavescens,Chordata,Actinopterygii,Perciformes,Percidae,sub-adults,,,,,,NA,,,,,,NA,NA,NA,,,,,NA,NA,,NA,NA,NA,NA,NA,NA,,,NA,NA,NA,NA,NA,NA,NA,NA,NA,NA,NA,NA,NA,NA,NA,NA,NA,NA,NA,NA,NA,NA
,Sander,vitreus,Chordata,Actinopterygii,Perciformes,Percidae,juveniles,,,,,,NA,,,,,,NA,NA,NA,,,,,NA,NA,,NA,NA,NA,NA,NA,NA,,,NA,NA,NA,NA,NA,NA,NA,NA,NA,NA,NA,NA,NA,NA,NA,NA,NA,NA,NA,NA,NA,NA
,Heterandria,formosa,Chordata,Actinopterygii,Cyprinodontiformes,Poeciliidae,NA,,,,,,NA,,,,,,NA,NA,NA,,,,,NA,NA,,NA,NA,NA,NA,NA,NA,,,NA,NA,NA,NA,NA,NA,NA,NA,NA,NA,NA,NA,NA,NA,NA,NA,NA,NA,NA,NA,NA,NA
,Abudefduf,saxatilis,Chordata,Actinopterygii,Perciformes,Pomacentridae,NA,,,,,,NA,,,,,,NA,NA,NA,,,,,NA,NA,,NA,NA,NA,NA,NA,NA,,,NA,NA,NA,NA,NA,NA,NA,NA,NA,NA,NA,NA,NA,NA,NA,NA,NA,NA,NA,NA,NA,NA
,Coregonus,artedi,Chordata,Actinopterygii,Salmoniformes,Salmonidae,larvae,,,,,,NA,,,,,,NA,NA,NA,,,,,NA,NA,,NA,NA,NA,NA,NA,NA,,,NA,NA,NA,NA,NA,NA,NA,NA,NA,NA,NA,NA,NA,NA,NA,NA,NA,NA,NA,NA,NA,NA
,Coregonus,clupeaformis,Chordata,Actinopterygii,Salmoniformes,Salmonidae,juveniles,,,,,,NA,,,,,,NA,NA,NA,,,,,NA,NA,,NA,NA,NA,NA,NA,NA,,,NA,NA,NA,NA,NA,NA,NA,NA,NA,NA,NA,NA,NA,NA,NA,NA,NA,NA,NA,NA,NA,NA
,Oncorhynchus,mykiss,Chordata,Actinopterygii,Salmoniformes,Salmonidae,NA,,,,,,NA,,,,,,NA,NA,NA,,,,,NA,NA,,NA,NA,NA,NA,NA,NA,,,NA,NA,NA,NA,NA,NA,NA,NA,NA,NA,NA,NA,NA,NA,NA,NA,NA,NA,NA,NA,NA,NA
,Salmo,trutta,Chordata,Actinopterygii,Salmoniformes,Salmonidae,sub-adults,,,,,,NA,,,,,,NA,NA,NA,,,,,NA,NA,,NA,NA,NA,NA,NA,NA,,,NA,NA,NA,NA,NA,NA,NA,NA,NA,NA,NA,NA,NA,NA,NA,NA,NA,NA,NA,NA,NA,NA
,Thymallus,arcticus,Chordata,Actinopterygii,Salmoniformes,Salmonidae,NA,,,,,,NA,,,,,,NA,NA,NA,,,,,NA,NA,,NA,NA,NA,NA,NA,NA,,,NA,NA,NA,NA,NA,NA,NA,NA,NA,NA,NA,NA,NA,NA,NA,NA,NA,NA,NA,NA,NA,NA
,Scatophagus,argus,Chordata,Actinopterygii,Perciformes,Scatophagidae,NA,,,,,,NA,,,,,,NA,NA,NA,,,,,NA,NA,,NA,NA,NA,NA,NA,NA,,,NA,NA,NA,NA,NA,NA,NA,NA,NA,NA,NA,NA,NA,NA,NA,NA,NA,NA,NA,NA,NA,NA
,Aplodinotus,grunniens,Chordata,Actinopterygii,Perciformes,Sciaenidae,juveniles,,,,,,NA,,,,,,NA,NA,NA,,,,,NA,NA,,NA,NA,NA,NA,NA,NA,,,NA,NA,NA,NA,NA,NA,NA,NA,NA,NA,NA,NA,NA,NA,NA,NA,NA,NA,NA,NA,NA,NA
,Diplodus,vulgaris,Chordata,Actinopterygii,Perciformes,Sparidae,NA,,,,,,NA,,,,,,NA,NA,NA,,,,,NA,NA,,NA,NA,NA,NA,NA,NA,,,NA,NA,NA,NA,NA,NA,NA,NA,NA,NA,NA,NA,NA,NA,NA,NA,NA,NA,NA,NA,NA,NA
,Terapon,jarbua,Chordata,Actinopterygii,Perciformes,Terapontidae,NA,,,,,,NA,,,,,,NA,NA,NA,,,,,NA,NA,,NA,NA,NA,NA,NA,NA,,,NA,NA,NA,NA,NA,NA,NA,NA,NA,NA,NA,NA,NA,NA,NA,NA,NA,NA,NA,NA,NA,NA
,Sphoeroides,annulatus,Chordata,Actinopterygii,Tetraodontiformes,Tetraodontidae,juveniles,,,,,,NA,,,,,,NA,NA,NA,,,,,NA,NA,,NA,NA,NA,NA,NA,NA,,,NA,NA,NA,NA,NA,NA,NA,NA,NA,NA,NA,NA,NA,NA,NA,NA,NA,NA,NA,NA,NA,NA
,Retropinna,retropinna,Chordata,Actinopterygii,Osmeriformes,Retropinnidae,adult,,,,,,NA,,,,,,Jenn,NA,NA,,,,,NA,NA,,NA,NA,NA,NA,NA,NA,,,NA,NA,NA,NA,NA,NA,NA,NA,NA,NA,NA,NA,NA,NA,NA,NA,NA,NA,NA,NA,NA,NA
"potential drop this species, one population is a subspecies",Gasterosteus,aculeatus,Chordata,Actinopterygii,Perciformes,Gasterosteidae,adult,none,,,,,NA,,,,,,Jenn,NA,NA,,,,,NA,NA,,NA,NA,NA,NA,NA,NA,,,NA,NA,NA,NA,NA,NA,NA,NA,NA,NA,NA,NA,NA,NA,NA,NA,NA,NA,NA,NA,NA,NA
,Zoarces,viviparus,Chordata,Actinopterygii,Perciformes,Zoarcidae,NA,none,NA,none,NA,female,365,"2 methods: first, size at maturity was given in Fishbase, and maximum size and age were also given, working backwards along a typical growth curve this suggests 1 year. Second, maturity at age 1 was implied by 
, as females geater than 1 year were used to assess state of reproductive females.",,,6,Journal of Aquatic Ecosystem Stress and Recovery,Jenn,NA,NA,10-100km,Simonsen and Strand. Hereditas 147: 250–255 (2010),10-100km,Simonsen and Strand. Hereditas 147: 250–255 (2010),N,Simonsen and Strand. Hereditas 147: 250–255 (2010),,marine,NA,52,fishbase,NA,NA,,,NA,NA,NA,NA,NA,NA,NA,NA,NA,NA,NA,NA,NA,NA,NA,NA,NA,NA,NA,NA,NA,NA
,Oncorhynchus,clarkii,Chordata,Actinopterygii,Salmoniformes,Salmonidae,juveninles,none,NA,none,"migration to ocean occurs after the 3rd winter, therefore is not away consistently every year",female,1095,AnAge,2555,animaldiversity.org,2190,animaldiversity.org,Joanne/Jenn,1-10km,returns to natal stream,NA,NA,15,Wikipedia_page,Y,"described as sea-run cuthroat trout in thermal tolerance reference, ""most juvenile cutthroat trout that migrate to the ocean for the first time (smolts) do so after their third winter"" https://odfw.forestry.oregonstate.edu/conference/cuthist.html",,freshwater,NA,99,animaldiversity.org,NA,NA,,,NA,NA,NA,NA,NA,NA,NA,NA,NA,NA,NA,NA,NA,NA,NA,NA,NA,NA,NA,NA,NA,NA
,Bufo,boreas,Chordata,Amphibia,Anura,Bufonidae,adult,,,,,unknown,1460,AmphiBio,,,3285,AmphibiaWeb,NA,NA,NA,,,"0,17",AmphibiaWeb,Y,AmphibiaWeb,,NA,NA,NA,NA,NA,NA,,,NA,NA,NA,NA,NA,NA,NA,NA,NA,NA,NA,NA,NA,NA,NA,NA,NA,NA,NA,NA,NA,NA
,Eleutherodactylus,coqui,Chordata,Amphibia,Anura,Eleutherodactylidae,adult,,,,,unknown,365,AmphiBio,,,2190,AmphibiaWeb,Micky,0-1,"Hobel, G. 1999. Notes on the natural history and habitat use of Eleutherodactylus 側zingeri (Anura: Leptodactylidae).   Amphib.-Reptilia 20: 65 -72.",,,,,Y,"Jarrod H. Fogarty and Francisco J. Vilella (2002). ""Population dynamic of Eleutherodactylus coqui in Cordillera Forest reserves of Puerto Rico"". Journal of Herpetology 36 (2): 193-201.",,Terrestrial,Animalia,5.8,"Schwartz, A. and R.W. Henderson. 1991. Amphibians and Reptiles of the West Indies Descriptions, Distributions, and Natural History. University of Florida Press, Gainesville, Florida.",insectivore,"Douglas P. Reagan and Robert B. Waide, ed. (1996). The Food Web of a Tropical Rain Forest. University Of Chicago Press.",,,walking,"Jarrod H. Fogarty and Francisco J. Vilella (2002). ""Population dynamic of Eleutherodactylus coqui in Cordillera Forest reserves of Puerto Rico"". Journal of Herpetology 36 (2): 193-201.",NA,NA,NA,NA,non-highland specialist,NA,"Hedges, B., Joglar, R., Thomas, R., Powell, R. & Rios-Lퟰez, N. (2009) Eleutherodactylus coqui. In: IUCN 2012. IUCN Red List of Threatened Species. Version 2012.2.",NA,NA,NA,NA,NA,NA,NA,NA,NA,NA,NA,NA,NA
,Cyclorana,brevipes,Chordata,Amphibia,Anura,Hylidae,NA,hot periods,"""The short-footed frog habits dry forest and grassland, where it burrows underground for most of the year. During times of rain, the frogs will emerge from their burrows""",NA,non-migratory,female,700,"""Minimum age at which females are known or suspected to first reproduce is <2 years."" https://web.archive.org/web/20061002035356/http://www.frogsaustralia.net.au/frogs/display.cfm?frog_id=119",,,>2000,guestimate - other species of cyclorana can stay dormant underground for 5 years (ie almost 2000 days),ALH,unk,"couldnt find anything in google (all, books, or scholar)",unk,"couldnt find anything in google (all, books, or scholar)",<1,lives underground most of the time,non-migratory,stays close to water source (eg ephemeral pond),,NA,NA,4.5,https://web.archive.org/web/20061002035356/http://www.frogsaustralia.net.au/frogs/display.cfm?frog_id=119,NA,NA,,,NA,NA,NA,NA,NA,NA,NA,NA,NA,NA,NA,NA,NA,NA,NA,NA,NA,NA,NA,NA,NA,NA
,Hyla,chloris,Chordata,Amphibia,Anura,Hylidae,adult,,,,,unknown,1095,AmphiBio,,,,,Micky,NA,NA,,,,,NA,NA,,Terrestrial,Animalia,6.8,"Mclean et al 2012, Assessing the information content of calls of Litoria chloris: quality signalling versus individual recognition. Australian Journal of Zoology, 60: 120-126",NA,NA,,,NA,NA,NA,NA,NA,NA,NA,NA,NA,NA,NA,NA,NA,NA,NA,NA,NA,NA,NA,NA,NA,NA
,Hyla,gracilenta,Chordata,Amphibia,Anura,Hylidae,NA,,,,,,NA,,,,,,Micky,NA,NA,,,,,NA,NA,,Terrestrial,Animalia,5,"Vanderduys, E. (2013). Field Guide of Frogs from Queensland. CSIRO Publishing, Clayton.",NA,NA,,,NA,NA,NA,NA,NA,NA,NA,NA,NA,NA,NA,NA,NA,NA,NA,NA,NA,NA,NA,NA,NA,NA
,Hyla,lesueuri,Chordata,Amphibia,Anura,Hylidae,NA,,,,,,NA,,,,,,Micky,NA,NA,,,,,NA,NA,,Terrestrial,Animalia,5.5,Amphibian Research Centre. The Frogs of Australia. available at :[http://frogs.org.au],NA,NA,,,NA,NA,NA,NA,NA,NA,NA,NA,NA,NA,NA,NA,NA,NA,NA,NA,NA,NA,NA,NA,NA,NA
,Hyla,glauerti,Chordata,Amphibia,Anura,Hylidae,NA,,,,,,NA,,,,,,NA,NA,NA,,,,,NA,NA,,NA,NA,NA,NA,NA,NA,,,NA,NA,NA,NA,NA,NA,NA,NA,NA,NA,NA,NA,NA,NA,NA,NA,NA,NA,NA,NA,NA,NA
,Hyla,rubella,Chordata,Amphibia,Anura,Hylidae,NA,,,,,,NA,,,,,,Micky,NA,NA,,,,,NA,NA,,Terrestrial,Animalia,3.24,"Moen, D. S., S. A. Smith, and J. J. Wiens. 2009. Community assembly through evolutionary diversification and dispersal in Middle American treefrogs. Evolution 63:3228-3247",NA,NA,,,NA,NA,NA,NA,NA,NA,NA,NA,NA,NA,NA,NA,NA,NA,NA,NA,NA,NA,NA,NA,NA,NA
,Hyla,rothi,Chordata,Amphibia,Anura,Hylidae,NA,,,,,,NA,,,,,,NA,NA,NA,,,,,NA,NA,,NA,NA,NA,NA,NA,NA,,,NA,NA,NA,NA,NA,NA,NA,NA,NA,NA,NA,NA,NA,NA,NA,NA,NA,NA,NA,NA,NA,NA
,Hyla,caerulea,Chordata,Amphibia,Anura,Hylidae,adult,,,,,,NA,,,,,,Micky,NA,NA,,,,,NA,NA,,Terrestrial,Animalia,10,"Moen, D. S., S. A. Smith, and J. J. Wiens. 2009. Community assembly through evolutionary diversification and dispersal in Middle American treefrogs. Evolution 63:3228-3247",NA,NA,,,NA,NA,NA,NA,NA,NA,NA,NA,NA,NA,NA,NA,NA,NA,NA,NA,NA,NA,NA,NA,NA,NA
,Hyla,ewingi,Chordata,Amphibia,Anura,Hylidae,adult,,,,,,NA,,,,,,Micky,NA,NA,,,,,NA,NA,,Terrestrial,Animalia,3.8,"Barwick, R.E. 1961. Illustrations of the New Zealand Frog Fauna. Tuatara, 8: 96-98",NA,NA,,,NA,NA,NA,NA,NA,NA,NA,NA,NA,NA,NA,NA,NA,NA,NA,NA,NA,NA,NA,NA,NA,NA
,Hyla,peroni,Chordata,Amphibia,Anura,Hylidae,NA,,,,,,NA,,,,,,Micky,NA,NA,,,,,NA,NA,,Terrestrial,Animalia,5.12,"Moen, D. S., S. A. Smith, and J. J. Wiens. 2009. Community assembly through evolutionary diversification and dispersal in Middle American treefrogs. Evolution 63:3228-3247",NA,NA,,,NA,NA,NA,NA,NA,NA,NA,NA,NA,NA,NA,NA,NA,NA,NA,NA,NA,NA,NA,NA,NA,NA
,Hyla,aurea,Chordata,Amphibia,Anura,Hylidae,adult,,,,,,NA,,,,,,Micky,NA,NA,,,,,NA,NA,,Terrestrial,Animalia,8.5,"Moen, D. S., S. A. Smith, and J. J. Wiens. 2009. Community assembly through evolutionary diversification and dispersal in Middle American treefrogs. Evolution 63:3228-3247",NA,NA,,,NA,NA,NA,NA,NA,NA,NA,NA,NA,NA,NA,NA,NA,NA,NA,NA,NA,NA,NA,NA,NA,NA
,Hyla,phyllochroa,Chordata,Amphibia,Anura,Hylidae,NA,,,,,,NA,,,,,,NA,NA,NA,,,,,NA,NA,,NA,NA,NA,NA,NA,NA,,,NA,NA,NA,NA,NA,NA,NA,NA,NA,NA,NA,NA,NA,NA,NA,NA,NA,NA,NA,NA,NA,NA
,Hyla,alpina,Chordata,Amphibia,Anura,Hylidae,adult,,,,,,NA,,,,,,Micky,NA,NA,,,,,NA,NA,,Terrestrial,Animalia,4,Amphibian Research Centre. The Frogs of Australia. available at :[http://frogs.org.au],NA,NA,,,NA,NA,NA,NA,NA,NA,NA,NA,NA,NA,NA,NA,NA,NA,NA,NA,NA,NA,NA,NA,NA,NA
,Limnodynastes,peroni,Chordata,Amphibia,Anura,Hylidae,NA,,,,,,NA,,,,,,NA,NA,NA,,,,,NA,NA,,NA,NA,NA,NA,NA,NA,,,NA,NA,NA,NA,NA,NA,NA,NA,NA,NA,NA,NA,NA,NA,NA,NA,NA,NA,NA,NA,NA,NA
,Limnodynastes,dorsalis,Chordata,Amphibia,Anura,Hylidae,NA,,,,,,NA,,,,,,NA,NA,NA,,,,,NA,NA,,NA,NA,NA,NA,NA,NA,,,NA,NA,NA,NA,NA,NA,NA,NA,NA,NA,NA,NA,NA,NA,NA,NA,NA,NA,NA,NA,NA,NA
,Limnodynastes,tasmaniensis,Chordata,Amphibia,Anura,Hylidae,NA,,,,,unknown,80,AmphibiaWeb,,,,,NA,NA,NA,,,,,NA,NA,,NA,NA,NA,NA,NA,NA,,,NA,NA,NA,NA,NA,NA,NA,NA,NA,NA,NA,NA,NA,NA,NA,NA,NA,NA,NA,NA,NA,NA
,Litoria,gracilenta,Chordata,Amphibia,Anura,Hylidae,NA,,,,,unknown,98,AmphibiaWeb,,,,,Micky,NA,NA,,,,,NA,NA,,Terrestrial,Animalia,5,"Vanderduys, E. (2013). Field Guide of Frogs from Queensland. CSIRO Publishing, Clayton.",NA,NA,,,NA,NA,NA,NA,NA,NA,NA,NA,NA,NA,NA,NA,NA,NA,NA,NA,NA,NA,NA,NA,NA,NA
,Pseudacris,triseriata,Chordata,Amphibia,Anura,Hylidae,adult,,,,,,NA,,,,,,Micky,0-1,"Kramer, D. C. 1973. Movements of western chorus frogs (Pseudacris triseriata triseriata ) tagged with Co60  - J. Herpetol. 7: 231  -235.",,,,,NA,NA,,Terrestrial,Animalia,4,"Moen, D. S., S. A. Smith, and J. J. Wiens. 2009. Community assembly through evolutionary diversification and dispersal in Middle American treefrogs. Evolution 63:3228-3247",NA,NA,,,NA,NA,NA,NA,NA,NA,NA,NA,NA,NA,NA,NA,NA,NA,NA,NA,NA,NA,NA,NA,NA,NA
,Pseudophryne,bibroni,Chordata,Amphibia,Anura,Hylidae,NA,,,,,,NA,,,,,,NA,NA,NA,,,,,NA,NA,,NA,NA,NA,NA,NA,NA,,,NA,NA,NA,NA,NA,NA,NA,NA,NA,NA,NA,NA,NA,NA,NA,NA,NA,NA,NA,NA,NA,NA
,Crinia,signifera,Chordata,Amphibia,Anura,Myobatrachidae,adult,,,,,,NA,,,,,,Micky,NA,NA,,,,,Y,"Lemckert, Francis. ""Population structure, individual growth and survival of an Australian frog Crinia signifera at a pond."" Acta Zoologica Sinica 51 (2005): 393-400.",,Terrestrial,Animalia,3,"Barker, J., Grigg, G. C., and Tyler, M. J. (1995).恠Field Guide to Australian Frogs.擵rrey Beatty and Sons, New South Wales.挦",insectivore,"Cogger, H.G. 1979. Reptiles & Amphibians of Australia. A. H. & A. W. REED PTY LTD ISBN 0-589-50108-9",,,walking,"Lemckert, Francis. ""Population structure, individual growth and survival of an Australian frog Crinia signifera at a pond."" Acta Zoologica Sinica 51 (2005): 393-400.",NA,NA,NA,NA,non-highland specialist,NA,"Barker, J., Grigg, G. C., and Tyler, M. J. (1995). A Field Guide to Australian Frogs. Surrey Beatty and Sons, New South Wales.",NA,NA,NA,NA,NA,NA,NA,NA,NA,NA,NA,NA,NA
,Crinia,parainsignifera,Chordata,Amphibia,Anura,Myobatrachidae,adult,,,,,,NA,,,,,,Micky,NA,NA,,,,,Y,"Barker, J., Grigg, G. C., and Tyler, M. J. (1995). A Field Guide to Australian Frogs. Surrey Beatty and Sons, New South Wales.",,Terrestrial,Animalia,2,"Barker, J., Grigg, G. C., and Tyler, M. J. (1995).恠Field Guide to Australian Frogs.擵rrey Beatty and Sons, New South Wales.挦",insectivore,"Barker, J., Grigg, G. C., and Tyler, M. J. (1995). A Field Guide to Australian Frogs. Surrey Beatty and Sons, New South Wales.",,,walking,"Barker, J., Grigg, G. C., and Tyler, M. J. (1995). A Field Guide to Australian Frogs. Surrey Beatty and Sons, New South Wales.",Y,"Barker, J., Grigg, G. C., and Tyler, M. J. (1995). A Field Guide to Australian Frogs. Surrey Beatty and Sons, New South Wales.",NA,NA,non-highland specialist,NA,"Barker, J., Grigg, G. C., and Tyler, M. J. (1995). A Field Guide to Australian Frogs. Surrey Beatty and Sons, New South Wales.",NA,NA,NA,NA,NA,NA,NA,NA,NA,NA,NA,NA,NA
,Crinia,victoriana,Chordata,Amphibia,Anura,Myobatrachidae,adult,,,,,,NA,,,,,,Micky,NA,NA,,,,,NA,NA,,Terrestrial,Animalia,3.5,Amphibian Research Centre. The Frogs of Australia. available at :[http://frogs.org.au],NA,NA,,,NA,NA,NA,NA,NA,NA,NA,NA,NA,NA,NA,NA,NA,NA,NA,NA,NA,NA,NA,NA,NA,NA
,Acris,crepitans,Chordata,Amphibia,Anura,NA,Adult,,,,,unknown,365,AmphiBio,,,1095,,NA,NA,NA,,,,,NA,NA,,NA,NA,NA,NA,NA,NA,,,NA,NA,NA,NA,NA,NA,NA,NA,NA,NA,NA,NA,NA,NA,NA,NA,NA,NA,NA,NA,NA,NA
,Anaxyrus,americanus,Chordata,Amphibia,Anura,NA,larva,,,,,females,1095,AmphibiaWeb,,,1825,AmphibiaWeb,NA,NA,NA,,,6,AmphibiaWeb,NA,NA,,NA,NA,NA,NA,NA,NA,,,NA,NA,NA,NA,NA,NA,NA,NA,NA,NA,NA,NA,NA,NA,NA,NA,NA,NA,NA,NA,NA,NA
,Anaxyrus,woodhousii,Chordata,Amphibia,Anura,NA,larva,,,,,,,,,,730,AmphibiaWeb,NA,NA,NA,,,,,NA,NA,,NA,NA,NA,NA,NA,NA,,,NA,NA,NA,NA,NA,NA,NA,NA,NA,NA,NA,NA,NA,NA,NA,NA,NA,NA,NA,NA,NA,NA
,Anaxyrus,boreas,Chordata,Amphibia,Anura,NA,Adult,,,,,,NA,,,,3285,AmphibiaWeb,NA,NA,NA,,,,,NA,NA,,NA,NA,NA,NA,NA,NA,,,NA,NA,NA,NA,NA,NA,NA,NA,NA,NA,NA,NA,NA,NA,NA,NA,NA,NA,NA,NA,NA,NA
,Anaxyrus,cognatus,Chordata,Amphibia,Anura,NA,Adult,,,,,Both,730,AmphiBio,,,3890,AmphibiaWeb,NA,NA,NA,,,,,NA,NA,,NA,NA,NA,NA,NA,NA,,,NA,NA,NA,NA,NA,NA,NA,NA,NA,NA,NA,NA,NA,NA,NA,NA,NA,NA,NA,NA,NA,NA
,Ascaphus,truei,Chordata,Amphibia,Anura,NA,Adult,,,,,Females,3285,AmphibiaWeb,,,5110,AmphibiaWeb,NA,NA,NA,,,,,NA,NA,,NA,NA,NA,NA,NA,NA,,,NA,NA,NA,NA,NA,NA,NA,NA,NA,NA,NA,NA,NA,NA,NA,NA,NA,NA,NA,NA,NA,NA
,Buergeria,japonica,Chordata,Amphibia,Anura,NA,larva,,,,,,NA,,,,,,NA,NA,NA,,,,,NA,NA,,NA,NA,NA,NA,NA,NA,,,NA,NA,NA,NA,NA,NA,NA,NA,NA,NA,NA,NA,NA,NA,NA,NA,NA,NA,NA,NA,NA,NA
,Crinia,parinsignifera,Chordata,Amphibia,Anura,NA,Adult,,,,,unknown,365,AmphiBio,,,,,NA,NA,NA,,,,,NA,NA,,NA,NA,NA,NA,NA,NA,,,NA,NA,NA,NA,NA,NA,NA,NA,NA,NA,NA,NA,NA,NA,NA,NA,NA,NA,NA,NA,NA,NA
,Eleutherodactylus,portoricensis,Chordata,Amphibia,Anura,NA,Adult,,,,,,NA,,,,,,NA,NA,NA,,,,,NA,NA,,NA,NA,NA,NA,NA,NA,,,NA,NA,NA,NA,NA,NA,NA,NA,NA,NA,NA,NA,NA,NA,NA,NA,NA,NA,NA,NA,NA,NA
,Geocrinia,victoriana,Chordata,Amphibia,Anura,NA,Adult,,,,,,NA,,,,,,NA,NA,NA,,,,,NA,NA,,NA,NA,NA,NA,NA,NA,,,NA,NA,NA,NA,NA,NA,NA,NA,NA,NA,NA,NA,NA,NA,NA,NA,NA,NA,NA,NA,NA,NA
,Hyperolius,viridiflavus,Chordata,Amphibia,Anura,NA,Adult,,,,,,NA,,,,,,NA,NA,NA,,,,,NA,NA,,NA,NA,NA,NA,NA,NA,,,NA,NA,NA,NA,NA,NA,NA,NA,NA,NA,NA,NA,NA,NA,NA,NA,NA,NA,NA,NA,NA,NA
,Limnodynastes,peronii,Chordata,Amphibia,Anura,NA,Adult,,,,,,NA,,,,,,NA,NA,NA,,,,,NA,NA,,NA,NA,NA,NA,NA,NA,,,NA,NA,NA,NA,NA,NA,NA,NA,NA,NA,NA,NA,NA,NA,NA,NA,NA,NA,NA,NA,NA,NA
,Limnodynastes,salmini,Chordata,Amphibia,Anura,NA,Adult,,,,,,NA,,,,,,NA,NA,NA,,,,,NA,NA,,NA,NA,NA,NA,NA,NA,,,NA,NA,NA,NA,NA,NA,NA,NA,NA,NA,NA,NA,NA,NA,NA,NA,NA,NA,NA,NA,NA,NA
,Lithobates,catesbeiana,Chordata,Amphibia,Anura,NA,Adult,,,,,,NA,,,,,,NA,NA,NA,,,,,NA,NA,,NA,NA,NA,NA,NA,NA,,,NA,NA,NA,NA,NA,NA,NA,NA,NA,NA,NA,NA,NA,NA,NA,NA,NA,NA,NA,NA,NA,NA
,Lithobates,pipiens,Chordata,Amphibia,Anura,NA,Adult,,,,,unknown,365,AmphiBio,,,,,NA,NA,NA,,,,,NA,NA,,NA,NA,NA,NA,NA,NA,,,NA,NA,NA,NA,NA,NA,NA,NA,NA,NA,NA,NA,NA,NA,NA,NA,NA,NA,NA,NA,NA,NA
,Lithobates,berlandieri,Chordata,Amphibia,Anura,NA,Adult,,,,,,NA,,,,,,NA,NA,NA,,,,,NA,NA,,NA,NA,NA,NA,NA,NA,,,NA,NA,NA,NA,NA,NA,NA,NA,NA,NA,NA,NA,NA,NA,NA,NA,NA,NA,NA,NA,NA,NA
,Litoria,aurea,Chordata,Amphibia,Anura,NA,Adult,,,,,,NA,,,,,,NA,NA,NA,,,,,NA,NA,,NA,NA,NA,NA,NA,NA,,,NA,NA,NA,NA,NA,NA,NA,NA,NA,NA,NA,NA,NA,NA,NA,NA,NA,NA,NA,NA,NA,NA
,Litoria,australis,Chordata,Amphibia,Anura,NA,Adult,,,,,,NA,,,,,,NA,NA,NA,,,,,NA,NA,,NA,NA,NA,NA,NA,NA,,,NA,NA,NA,NA,NA,NA,NA,NA,NA,NA,NA,NA,NA,NA,NA,NA,NA,NA,NA,NA,NA,NA
,Litoria,caerulea,Chordata,Amphibia,Anura,NA,Adult,,,,,,NA,,,,,,NA,NA,NA,,,,,NA,NA,,NA,NA,NA,NA,NA,NA,,,NA,NA,NA,NA,NA,NA,NA,NA,NA,NA,NA,NA,NA,NA,NA,NA,NA,NA,NA,NA,NA,NA
,Litoria,fallax,Chordata,Amphibia,Anura,NA,Adult,,,,,,NA,,,,,,NA,NA,NA,,,,,NA,NA,,NA,NA,NA,NA,NA,NA,,,NA,NA,NA,NA,NA,NA,NA,NA,NA,NA,NA,NA,NA,NA,NA,NA,NA,NA,NA,NA,NA,NA
,Litoria,freycineti,Chordata,Amphibia,Anura,NA,Adult,,,,,,NA,,,,,,NA,NA,NA,,,,,NA,NA,,NA,NA,NA,NA,NA,NA,,,NA,NA,NA,NA,NA,NA,NA,NA,NA,NA,NA,NA,NA,NA,NA,NA,NA,NA,NA,NA,NA,NA
,Litoria,lesueuri,Chordata,Amphibia,Anura,NA,Adult,,,,,,NA,,,,,,NA,NA,NA,,,,,NA,NA,,NA,NA,NA,NA,NA,NA,,,NA,NA,NA,NA,NA,NA,NA,NA,NA,NA,NA,NA,NA,NA,NA,NA,NA,NA,NA,NA,NA,NA
,Litoria,peronii,Chordata,Amphibia,Anura,NA,Adult,,,,,,NA,,,,,,NA,NA,NA,,,,,NA,NA,,NA,NA,NA,NA,NA,NA,,,NA,NA,NA,NA,NA,NA,NA,NA,NA,NA,NA,NA,NA,NA,NA,NA,NA,NA,NA,NA,NA,NA
,Litoria,rubella,Chordata,Amphibia,Anura,NA,Adult,,,,,,NA,,,,,,NA,NA,NA,,,,,NA,NA,,NA,NA,NA,NA,NA,NA,,,NA,NA,NA,NA,NA,NA,NA,NA,NA,NA,NA,NA,NA,NA,NA,NA,NA,NA,NA,NA,NA,NA
,Litoria,bicolor,Chordata,Amphibia,Anura,NA,Adult,,,,,,NA,,,,,,NA,NA,NA,,,,,NA,NA,,NA,NA,NA,NA,NA,NA,,,NA,NA,NA,NA,NA,NA,NA,NA,NA,NA,NA,NA,NA,NA,NA,NA,NA,NA,NA,NA,NA,NA
,Litoria,chloris,Chordata,Amphibia,Anura,NA,Adult,,,,,,NA,,,,,,NA,NA,NA,,,,,NA,NA,,NA,NA,NA,NA,NA,NA,,,NA,NA,NA,NA,NA,NA,NA,NA,NA,NA,NA,NA,NA,NA,NA,NA,NA,NA,NA,NA,NA,NA
,Litoria,ewingii,Chordata,Amphibia,Anura,NA,Adult,,,,,,NA,,,,,,NA,NA,NA,,,,,NA,NA,,NA,NA,NA,NA,NA,NA,,,NA,NA,NA,NA,NA,NA,NA,NA,NA,NA,NA,NA,NA,NA,NA,NA,NA,NA,NA,NA,NA,NA
,Litoria,phyllochroa,Chordata,Amphibia,Anura,NA,Adult,,,,,,NA,,,,,,NA,NA,NA,,,,,NA,NA,,NA,NA,NA,NA,NA,NA,,,NA,NA,NA,NA,NA,NA,NA,NA,NA,NA,NA,NA,NA,NA,NA,NA,NA,NA,NA,NA,NA,NA
,Litoria,rothii,Chordata,Amphibia,Anura,NA,Adult,,,,,,NA,,,,,,NA,NA,NA,,,,,NA,NA,,NA,NA,NA,NA,NA,NA,,,NA,NA,NA,NA,NA,NA,NA,NA,NA,NA,NA,NA,NA,NA,NA,NA,NA,NA,NA,NA,NA,NA
,Litoria,verreauxii,Chordata,Amphibia,Anura,NA,Adult,,,,,,NA,,,,,,NA,NA,NA,,,,,NA,NA,,NA,NA,NA,NA,NA,NA,,,NA,NA,NA,NA,NA,NA,NA,NA,NA,NA,NA,NA,NA,NA,NA,NA,NA,NA,NA,NA,NA,NA
,Mixophyes,fasciolatus,Chordata,Amphibia,Anura,NA,Adult,,,,,unknown,1241,AmphiBio,,,,,NA,NA,NA,,,,,NA,NA,,NA,NA,NA,NA,NA,NA,,,NA,NA,NA,NA,NA,NA,NA,NA,NA,NA,NA,NA,NA,NA,NA,NA,NA,NA,NA,NA,NA,NA
,Neobatrachus,pictus,Chordata,Amphibia,Anura,NA,Adult,,,,,,NA,,,,,,NA,NA,NA,,,,,NA,NA,,NA,NA,NA,NA,NA,NA,,,NA,NA,NA,NA,NA,NA,NA,NA,NA,NA,NA,NA,NA,NA,NA,NA,NA,NA,NA,NA,NA,NA
,Odontophrynus,occidentalis,Chordata,Amphibia,Anura,NA,larva,,,,,,NA,,,,,,NA,NA,NA,,,,,NA,NA,,NA,NA,NA,NA,NA,NA,,,NA,NA,NA,NA,NA,NA,NA,NA,NA,NA,NA,NA,NA,NA,NA,NA,NA,NA,NA,NA,NA,NA
,Pseudacris,regilla,Chordata,Amphibia,Anura,NA,Adult,,,,,unknown,365,AmphiBio,,,,,NA,NA,NA,,,,,NA,NA,,NA,NA,NA,NA,NA,NA,,,NA,NA,NA,NA,NA,NA,NA,NA,NA,NA,NA,NA,NA,NA,NA,NA,NA,NA,NA,NA,NA,NA
,Pseudacris,crucifer,Chordata,Amphibia,Anura,NA,Adult,,,,,uknown,730,AmphiBio,,,769,AmphibiaWeb,NA,NA,NA,,,,,NA,NA,,NA,NA,NA,NA,NA,NA,,,NA,NA,NA,NA,NA,NA,NA,NA,NA,NA,NA,NA,NA,NA,NA,NA,NA,NA,NA,NA,NA,NA
,Pseudophryne,bibronii,Chordata,Amphibia,Anura,NA,Adult,,,,,,NA,,,,,,NA,NA,NA,,,,,NA,NA,,NA,NA,NA,NA,NA,NA,,,NA,NA,NA,NA,NA,NA,NA,NA,NA,NA,NA,NA,NA,NA,NA,NA,NA,NA,NA,NA,NA,NA
,Rana,clamitans,Chordata,Amphibia,Anura,NA,Adult,,,,,unknown,365,AmphibiaWeb,,,2000,AmphibiaWeb,NA,NA,NA,,,"6,2e-5",AmphibiaWeb,Non-migratory,AmphibiaWeb,,NA,NA,NA,NA,NA,NA,,,NA,NA,NA,NA,NA,NA,NA,NA,NA,NA,NA,NA,NA,NA,NA,NA,NA,NA,NA,NA,NA,NA
,Rhinella,marina,Chordata,Amphibia,Anura,NA,Adult,,,,,unknown,365,AmphibiaWeb,,,5788,AmphibiaWeb,NA,NA,NA,,,,,NA,NA,,NA,NA,NA,NA,NA,NA,,,NA,NA,NA,NA,NA,NA,NA,NA,NA,NA,NA,NA,NA,NA,NA,NA,NA,NA,NA,NA,NA,NA
,Rhinella,granulosa,Chordata,Amphibia,Anura,NA,larva,,,,,,NA,,,,,,NA,NA,NA,,,,,NA,NA,,NA,NA,NA,NA,NA,NA,,,NA,NA,NA,NA,NA,NA,NA,NA,NA,NA,NA,NA,NA,NA,NA,NA,NA,NA,NA,NA,NA,NA
,Spea,hammondii,Chordata,Amphibia,Anura,Pelobatidae,adult,,,,,,unknown,AmphibiaWeb,,,unknown,AmphibiaWeb,NA,NA,NA,,,,,NA,NA,,NA,NA,NA,NA,NA,NA,,,NA,NA,NA,NA,NA,NA,NA,NA,NA,NA,NA,NA,NA,NA,NA,NA,NA,NA,NA,NA,NA,NA
,Lithobates,sylvaticus,Chordata,Amphibia,Anura,Ranidae,adult,,,,,unknown,365,AmphiBio,,,,,Micky,NA,NA,,,,,NA,NA,,Terrestrial,Animalia,6,"Prairie Research Institute. Lithobates sylvaticus. Illinois Natural History Survey, available at : [http://wwx.inhs.illinois.edu/collections/herps/data/ilspecies/ra_sylvati/]\",NA,NA,,,NA,NA,NA,NA,NA,NA,NA,NA,NA,NA,NA,NA,NA,NA,NA,NA,NA,NA,NA,NA,NA,NA
,Rana,pipiens,Chordata,Amphibia,Anura,Ranidae,adult,,,,,,NA,,,,,,Micky,1--10,"Seburn, C. N. L. et al. 1997. Northern leopard frog (Rana pipiens ) dispersal in relation to habitat.  In: Green, D. M. (ed.), Amphibians in decline: Canadian studies of a global problem. Society for the study of amphibians and reptiles, pp. 72 -64.",,,,,NA,NA,,Terrestrial,Animalia,12.7,"Hillis, D.M. 1988. Systematics of the撡na pipiens棯mplex: puzzle and paradigm. Annual Review of Ecology and Systematics 19:39䳱63.",NA,NA,,,NA,NA,NA,NA,NA,NA,NA,NA,NA,NA,NA,NA,NA,NA,NA,NA,NA,NA,NA,NA,NA,NA
,Ambystoma,macrodactylum,Chordata,Amphibia,Caudata,Ambystomatidae,adult,winter,AmphibiaWeb,winter,AmphibiaWeb,female,730,AnAge,NA,NA,3650,AmphibiaWeb,Micky/Ilona,1--10,"Funk, W. C. and Dunlap, W. W. 1999. Colonization of high-elevation lakes by long-toed salamanders (Ambystoma macrodactylum ) after the extinction of introduced trout populations.   Can. J. Zool. 77: 1759 -1767",,,0.0001156 - 0.0001675,Amphibiaweb: range of values reflect females (first value) then males,Yes,AmphibiaWeb,,Terrestrial,Animalia,5.5,"Russell, A.P. and G.L. Powell and D.R. Hall. 1996. Growth and age of Alberta long-toed salamanders (Ambystoma macrodactylum krausei): a comparison of two methods of estimation. Canadian Journal of Zoology 74:397䳱412.",NA,NA,,,NA,NA,NA,NA,NA,NA,NA,NA,NA,NA,NA,NA,NA,NA,NA,NA,NA,NA,NA,NA,NA,NA
,Ambystoma,maculatum,Chordata,Amphibia,Caudata,Ambystomatidae,unknown,winter,"AmphibiaWeb (this reflects adult breeding migrations/time of hibernation, and NOT larval post-metamorphic migration)",winter,"AmphibiaWeb (this reflects adult breeding migrations/time of hibernation, and NOT larval post-metamorphic migration)",female,1095,AnAge,730,AmphiBio,8030-9125,AmphibiaWeb,Micky/Ilona,0-1,"Madison, D. M. 1997. The emigration of radio-implanted spotted salamanders, Ambystoma maculatum .  J. Herpetol. 31: 542 -551.",,,0.0000012 - 0.0000015 ,"Amphibiaweb: Douglas and Monroe, 1981; Kleeberger and Werner, 1983",Yes,AmphibiaWeb,,Terrestrial,Animalia,25,"Petranka, J. W. (1998). Salamanders of the United States and Canada. Smithsonian Institution Press, Washington and London.",NA,NA,,,NA,NA,NA,NA,NA,NA,NA,NA,NA,NA,NA,NA,NA,NA,NA,NA,NA,NA,NA,NA,NA,NA
,Ambystoma,jeffersonianum,Chordata,Amphibia,Caudata,Ambystomatidae,Adult,winter,AmphibiaWeb,winter,AmphibiaWeb,unknown,730-1095,AmphibaWeb,NA,NA,1095,"AmphibiaWeb, estimate is based on mark-recapture studies where 10-18% of adults were recaptured",Ilona,0 --1,"The original dispersal values aer 250–1,600 m. I selected the 0-1km dispersal distance caetgory to reflect that likely most dispersal is happening at distances < 1km. Source AMphiweb, Douglas and Monroe 1981)",,,unknown,NA,Yes,AmphibiaWeb,,NA,NA,NA,NA,NA,NA,,,NA,NA,NA,NA,NA,NA,NA,NA,NA,NA,NA,NA,NA,NA,NA,NA,NA,NA,NA,NA,NA,NA
,Desmognathus,quadramaculatus,Chordata,Amphibia,Caudata,Ambystomatidae,Adult,none,AmphibiaWeb,not migratory,NA,male and female,2190,AmphiBio,"Males: 1825-2920, females: 2190-3650",AmphibiaWeb,5430,AmphibiaWeb,Ilona,0-1,Cecala and Maerz 2015. Context-dependent responses to light contribute to responses by Black-bellied Salamanders (Desmognathus quadramaculatus) to landscape disturbances,,,in centimeters!!! 1207 cm2,AmphibiaWeb: Camp and Lee 1996,Non-migratory,AmphibiaWeb,,NA,NA,NA,NA,NA,NA,,,NA,NA,NA,NA,NA,NA,NA,NA,NA,NA,NA,NA,NA,NA,NA,NA,NA,NA,NA,NA,NA,NA
,Desmognathus,fuscus,Chordata,Amphibia,Caudata,Plethodontidae,unknown,none,Ashton 1975,not migratory,NA,male and female,730,AmphiBio,Males: 730 Females: 1095,,1591,AmphibiaWeb,Micky/Ilona,0-1,"Barthlamus, G. T. and Bellis, E. D. 1972. Home range, homing and homing mechanism of the salamander, Desmognathus fuscus.  Copeia 1972: 632 -642.",,,25.2–114.5 m2,AmphibiaWeb,Non-migratory,AmphibiaWeb,,Terrestrial,Animalia,4,"Jones, R.L. 1986. Reproductive biology of Desmognathus fuscus and Desmognathus santeetlah in the Unicoi Mountains. Herpetologica 42:323-334.",NA,NA,,,NA,NA,NA,NA,NA,NA,NA,NA,NA,NA,NA,NA,NA,NA,NA,NA,NA,NA,NA,NA,NA,NA
,Eurycea,lucifuga,Chordata,Amphibia,Caudata,Plethodontidae,unknown,none,"*likely none, AmphibiaWeb",not migratory,AmphibiaWeb,female,1095,AnAge,1095,AmphiBio,unknown,AmphibiaWeb,Micky/Ilona,0-1,"Hutchison, V.H. 1958. The distribution and ecology of the cave salamander, Eurycea lucifuga. Ecological Monographs 28:1-20.",,,unknown,AmphibiaWeb,Y,"Hutchison, V.H. 1958. The distribution and ecology of the cave salamander, Eurycea lucifuga. Ecological Monographs 28:1-20.",,Terrestrial,Animalia,20,"Petranka, J. W. (1998). Salamanders of the United States and Canada. Smithsonian Institution Press, Washington and London.",omnivore,"Peck, S.B. 1974. The food of the salamanders Eurycea lucifuga and Plethodon glutinosus in caves. National Speleological Society Bulletin 36:7-10.",,,walking,"Hutchison, V.H. 1958. The distribution and ecology of the cave salamander, Eurycea lucifuga. Ecological Monographs 28:1-20.",N,"Hutchison, V.H. 1958. The distribution and ecology of the cave salamander, Eurycea lucifuga. Ecological Monographs 28:1-20.",NA,NA,NA,NA,NA,NA,NA,NA,NA,NA,NA,NA,NA,NA,NA,NA,NA,NA
,Eurycea,bislineata,Chordata,Amphibia,Caudata,Plethodontidae,unknown,unknown,AmphibiaWeb,not migratory,AmphibiaWeb,unknown,1095,AmphiBio,1095-1460,AmphibiaWeb,unknown,AmphibiaWeb,Micky/Ilona,0-1,"Johnson, J. E. and Goldberg, A. S. 1975. Movement of  larval two lined salamanders (Eurycea bislineata ) in the Mill River, Massachusetts.  Copeia 1975: 588 -589.",,,,,Non-migratory,AmphibiaWeb,,Terrestrial,Animalia,9.7,"Petranka, J. W. (1998). Salamanders of the United States and Canada. Smithsonian Institution Press, Washington and London.",NA,NA,,,NA,NA,NA,NA,NA,NA,NA,NA,NA,NA,NA,NA,NA,NA,NA,NA,NA,NA,NA,NA,NA,NA
,Eurycea,longicauda,Chordata,Amphibia,Caudata,Plethodontidae,unknown,fall-winter,AmphibiaWeb,winter,AmphibiaWeb,unknown,365,AmphiBio,365-730,AmphibiaWeb,unknown,AmphibiaWeb,Micky/Ilona,0-1,"Mohr, C.E. 1944. A remarkable salamander migration. Proceedings of the Pennsylvania Academy of Science 18:51-54.",,,unknown,AmphibiaWeb,Y,"Mohr, C.E. 1944. A remarkable salamander migration. Proceedings of the Pennsylvania Academy of Science 18:51-54.",,Terrestrial,Animalia,4.6,"Ireland, P.H. 1974. Reproduction and larval development of the dark-sided salamander,慵rycea longicauda melanopleura. Herpetologica 30:338䳱343.",insectivore,"Anderson, J.D. and P.J. Martino. 1966. The life history of Eurycea l. longicauda associated with ponds. American Midland Naturalist 75:257-279.",,,walking,"Mohr, C.E. 1944. A remarkable salamander migration. Proceedings of the Pennsylvania Academy of Science 18:51-54.",Y,"Mohr, C.E. 1944. A remarkable salamander migration. Proceedings of the Pennsylvania Academy of Science 18:51-54.",NA,NA,NA,NA,NA,NA,NA,NA,NA,NA,NA,NA,NA,NA,NA,NA,NA,NA
,Plethodon,glutinosus,Chordata,Amphibia,Caudata,Plethodontidae,unknown,none,AmphibiaWeb,not migratory,AmphibiaWeb,female,910,AnAge,730,AmphiBio,1825,AmphibiaWeb Semlitsch 1980),Micky/Ilona,0-1,"Wells, K. D. and Wells, R. A. 1976. Patterns of movement in a population of the slimy salamander, Plethodon glutinosus, with observations on aggregations.  / Herpetologica 32: 156 -162.",,,,,N,"Petranka, J. W. (1998). Salamanders of the United States and Canada. Smithsonian Institution Press, Washington and London.",,Terrestrial,Animalia,6.5,"Powders, V.N. 1973. Cannibalism by the slimy salamander,搬ethodon glutinosus橮 eastern Tennessee. Journal of Herpetology 7:139䳱140.",omnivore,"Oliver, G.V. 1967. Food habits of the white-throated slimy salamander in central Texas. Transactions of the Oklahoma Junior Academy of Science 1967:500䳱503.",,,walking,"Petranka, J. W. (1998). Salamanders of the United States and Canada. Smithsonian Institution Press, Washington and London.",NA,NA,NA,NA,highland specialist,NA,"Petranka, J. W. (1998). Salamanders of the United States and Canada. Smithsonian Institution Press, Washington and London.",NA,NA,NA,NA,NA,NA,NA,NA,NA,NA,NA,NA,NA
,Anolis,roquet,Chordata,Lepidosauria,Squamata,Iguanidae,NA,,,,,,NA,,,,,,NA,NA,NA,,,,,NA,NA,,NA,NA,NA,NA,NA,NA,,,NA,NA,NA,NA,NA,NA,NA,NA,NA,NA,NA,NA,NA,NA,NA,NA,NA,NA,NA,NA,NA,NA
,Takydromus,hsuehshaner,Chordata,Lepidosauria,Squamata,Lacertidae,males_adults,,,,,,NA,,,,,,NA,NA,NA,,,,,NA,NA,,NA,NA,NA,NA,NA,NA,,,NA,NA,NA,NA,NA,NA,NA,NA,NA,NA,NA,NA,NA,NA,NA,NA,NA,NA,NA,NA,NA,NA
,Oreochromis,mossambicus,Chordata,Actinopterygii,NA,Cichlidae,juveniles,,,,,female,171,AnAge,,,4015,FishBase,Joanne,,"Oreochromis mossambicus are a euryhaline species and are theoretically capable of traversing salt water/oceanic barriers, moving from one estuary to the next especially during floods (Philippart and Ruwet 1982)",,,,,partial,"Ellender, B. R., Weyl, O. L. F., Shanyengange, M. K., & Cowley, P. D. (2008). Juvenile population dynamics of Oreochromis mossambicus in an intermittently open estuary at the limit of its natural distribution. African Zoology, 43(2), 277–283.","showed a seasonal shift in distribution, occupying all areas of the estuary in summer and, subsequently, being limited to the upper reaches in winter. ",NA,NA,NA,NA,NA,NA,,,NA,NA,NA,NA,NA,NA,NA,NA,NA,NA,NA,NA,NA,NA,NA,NA,NA,NA,NA,NA,NA,NA
,Carassius,auratus,Chordata,Actinopterygii,NA,Cyprinidae,NA,,,,,female,225,AnAge,,,2555,6–7 years nas.er.usgs.gov,Joanne,100,"high residency (64% of days fish were found at the reciever). Mobile, travelling a mean of 0.30 km (linear river kilometres).day-1. one fish moved 231.3 km over 365 days). ",,,,,yes?,Beatty et al () First evidence of spawning migration by goldfish (Carassius auratus); implications for control of a globally invasive species. ecologgy of freshwater fish,Significant seasonal movement patterns including a clear shift in habitats during its breeding period with most mature individuals being detected in an off-channel wetland during that time. The results of this study strongly suggest that C. auratus undertook a spawning migration into a lentic habitat.,NA,NA,NA,NA,NA,NA,,,NA,NA,NA,NA,NA,NA,NA,NA,NA,NA,NA,NA,NA,NA,NA,NA,NA,NA,NA,NA,NA,NA
,Pimephales,promelas,Chordata,Actinopterygii,NA,Cyprinidae,NA,,,,,female,60,AnAge,,,1096,"Maximum longevity is apparently 2-3 years (Schlosser and Ebel 1989) - Schlosser, I. J. and K. K. Ebel. 1989. Effects of flow regime and cyprinid predation on a headwater stream. Ecol. Monogr. 59(1):41-57.",Joanne,NA,NA,,,,,NA,"During periods of high stream discharge, fathead minnows showed downstream movement in a small Minnesota stream (Schlosser 1995). - Schlosser, I. J. 1995. Dispersal, boundary processes, and trophic-level interactions in streams adjacent to beaver ponds. Ecology 76(3):908-925.",,NA,NA,NA,NA,NA,NA,,,NA,NA,NA,NA,NA,NA,NA,NA,NA,NA,NA,NA,NA,NA,NA,NA,NA,NA,NA,NA,NA,NA
,Rhinichthys,atratulus,Chordata,Actinopterygii,NA,Cyprinidae,NA,,,,,female,365,AnAge,,,,,NA,NA,NA,,,,,NA,NA,,NA,NA,NA,NA,NA,NA,,,NA,NA,NA,NA,NA,NA,NA,NA,NA,NA,NA,NA,NA,NA,NA,NA,NA,NA,NA,NA,NA,NA
,Lepidonotothen,squamifrons,Chordata,Actinopterygii,NA,Nototheniidae,NA,,,,,female,2920,AnAge,,,,,NA,NA,NA,,,,,NA,NA,,NA,NA,NA,NA,NA,NA,,,NA,NA,NA,NA,NA,NA,NA,NA,NA,NA,NA,NA,NA,NA,NA,NA,NA,NA,NA,NA,NA,NA
,Etheostoma,blennioides,Chordata,Actinopterygii,NA,Percidae,NA,,,,,female,365,AnAge,,,,,NA,NA,NA,,,,,NA,NA,,NA,NA,NA,NA,NA,NA,,,NA,NA,NA,NA,NA,NA,NA,NA,NA,NA,NA,NA,NA,NA,NA,NA,NA,NA,NA,NA,NA,NA
,Gambusia,affinis,Chordata,Actinopterygii,NA,Poeciliidae,NA,,,,,female,90,AnAge,,,,,NA,NA,NA,,,,,NA,NA,,NA,NA,NA,NA,NA,NA,,,NA,NA,NA,NA,NA,NA,NA,NA,NA,NA,NA,NA,NA,NA,NA,NA,NA,NA,NA,NA,NA,NA
,Acipenser,brevirostrum,Chordata,Actinopterygii,NA,Acipenseridae,NA,,,,,female,5657,AnAge,,,,,NA,NA,NA,,,,,NA,NA,,NA,NA,NA,NA,NA,NA,,,NA,NA,NA,NA,NA,NA,NA,NA,NA,NA,NA,NA,NA,NA,NA,NA,NA,NA,NA,NA,NA,NA
,Hypentelium,nigricans,Chordata,Actinopterygii,NA,Catostomidae,NA,,,,,female,1000,AnAge,,,,,NA,NA,NA,,,,,NA,NA,,NA,NA,NA,NA,NA,NA,,,NA,NA,NA,NA,NA,NA,NA,NA,NA,NA,NA,NA,NA,NA,NA,NA,NA,NA,NA,NA,NA,NA
,Micropterus,salmoides,Chordata,Actinopterygii,NA,Centrarchidae,NA,,,,,female,1642,AnAge,,,,,NA,NA,NA,,,,,NA,NA,,NA,NA,NA,NA,NA,NA,,,NA,NA,NA,NA,NA,NA,NA,NA,NA,NA,NA,NA,NA,NA,NA,NA,NA,NA,NA,NA,NA,NA
,Micropterus,dolomieu,Chordata,Actinopterygii,NA,Centrarchidae,sub-adults,,,,,female,2007,AnAge,,,,,NA,NA,NA,,,,,NA,NA,,NA,NA,NA,NA,NA,NA,,,NA,NA,NA,NA,NA,NA,NA,NA,NA,NA,NA,NA,NA,NA,NA,NA,NA,NA,NA,NA,NA,NA
,Dorosoma,cepedianum,Chordata,Actinopterygii,NA,Clupeidae,NA,,,,,female,730,AnAge,,,,,NA,NA,NA,,,,,NA,NA,,NA,NA,NA,NA,NA,NA,,,NA,NA,NA,NA,NA,NA,NA,NA,NA,NA,NA,NA,NA,NA,NA,NA,NA,NA,NA,NA,NA,NA
,Sardinops,sagax,Chordata,Actinopterygii,NA,Clupeidae,NA,,,,,female,821,AnAge,,,,,NA,NA,NA,,,,,NA,NA,,NA,NA,NA,NA,NA,NA,,,NA,NA,NA,NA,NA,NA,NA,NA,NA,NA,NA,NA,NA,NA,NA,NA,NA,NA,NA,NA,NA,NA
,Cottus,bairdii,Chordata,Actinopterygii,NA,Cottidae,NA,,,,,female,730,AnAge,,,,,NA,NA,NA,,,,,NA,NA,,NA,NA,NA,NA,NA,NA,,,NA,NA,NA,NA,NA,NA,NA,NA,NA,NA,NA,NA,NA,NA,NA,NA,NA,NA,NA,NA,NA,NA
,Cottus,carolinae,Chordata,Actinopterygii,NA,Cottidae,NA,,,,,female,730,AnAge,,,,,NA,NA,NA,,,,,NA,NA,,NA,NA,NA,NA,NA,NA,,,NA,NA,NA,NA,NA,NA,NA,NA,NA,NA,NA,NA,NA,NA,NA,NA,NA,NA,NA,NA,NA,NA
,Campostoma,anomalum,Chordata,Actinopterygii,NA,Cyprinidae,sub-adults,,,,,female,1095,AnAge,,,,,NA,NA,NA,,,,,NA,NA,,NA,NA,NA,NA,NA,NA,,,NA,NA,NA,NA,NA,NA,NA,NA,NA,NA,NA,NA,NA,NA,NA,NA,NA,NA,NA,NA,NA,NA
,Couesius,plumbeus,Chordata,Actinopterygii,NA,Cyprinidae,NA,,,,,female,1095,AnAge,,,,,NA,NA,NA,,,,,NA,NA,,NA,NA,NA,NA,NA,NA,,,NA,NA,NA,NA,NA,NA,NA,NA,NA,NA,NA,NA,NA,NA,NA,NA,NA,NA,NA,NA,NA,NA
,Ctenopharyngodon,idella,Chordata,Actinopterygii,NA,Cyprinidae,sub-adults,,,,,female,1520,AnAge,,,,,NA,NA,NA,,,,,NA,NA,,NA,NA,NA,NA,NA,NA,,,NA,NA,NA,NA,NA,NA,NA,NA,NA,NA,NA,NA,NA,NA,NA,NA,NA,NA,NA,NA,NA,NA
,Cyprinus,carpio,Chordata,Actinopterygii,NA,Cyprinidae,juveniles,,,,,female,1095,AnAge,,,,,NA,NA,NA,,,,,NA,NA,,NA,NA,NA,NA,NA,NA,,,NA,NA,NA,NA,NA,NA,NA,NA,NA,NA,NA,NA,NA,NA,NA,NA,NA,NA,NA,NA,NA,NA
,Labeo,rohita,Chordata,Actinopterygii,NA,Cyprinidae,juveniles,,,,,female,1073,AnAge,,,,,NA,NA,NA,,,,,NA,NA,,NA,NA,NA,NA,NA,NA,,,NA,NA,NA,NA,NA,NA,NA,NA,NA,NA,NA,NA,NA,NA,NA,NA,NA,NA,NA,NA,NA,NA
,Leuciscus,idus,Chordata,Actinopterygii,NA,Cyprinidae,NA,,,,,female,2007,AnAge,,,,,NA,NA,NA,,,,,NA,NA,,NA,NA,NA,NA,NA,NA,,,NA,NA,NA,NA,NA,NA,NA,NA,NA,NA,NA,NA,NA,NA,NA,NA,NA,NA,NA,NA,NA,NA
,Rutilus,rutilus,Chordata,Actinopterygii,NA,Cyprinidae,juveniles,,,,,female,1095,AnAge,,,,,NA,NA,NA,,,,,NA,NA,,NA,NA,NA,NA,NA,NA,,,NA,NA,NA,NA,NA,NA,NA,NA,NA,NA,NA,NA,NA,NA,NA,NA,NA,NA,NA,NA,NA,NA
,Scardinius,erythrophthalmus,Chordata,Actinopterygii,NA,Cyprinidae,NA,,,,,female,1460,AnAge,,,,,NA,NA,NA,,,,,NA,NA,,NA,NA,NA,NA,NA,NA,,,NA,NA,NA,NA,NA,NA,NA,NA,NA,NA,NA,NA,NA,NA,NA,NA,NA,NA,NA,NA,NA,NA
,Semotilus,atromaculatus,Chordata,Actinopterygii,NA,Cyprinidae,NA,,,,,female,1095,AnAge,,,,,NA,NA,NA,,,,,NA,NA,,NA,NA,NA,NA,NA,NA,,,NA,NA,NA,NA,NA,NA,NA,NA,NA,NA,NA,NA,NA,NA,NA,NA,NA,NA,NA,NA,NA,NA
,Esox,lucius,Chordata,Actinopterygii,NA,Esocidae,juveniles,,,,,female,1116,AnAge,,,,,NA,NA,NA,,,,,NA,NA,,NA,NA,NA,NA,NA,NA,,,NA,NA,NA,NA,NA,NA,NA,NA,NA,NA,NA,NA,NA,NA,NA,NA,NA,NA,NA,NA,NA,NA
,Esox,masquinongy,Chordata,Actinopterygii,NA,Esocidae,NA,,,,,female,1825,AnAge,,,,,NA,NA,NA,,,,,NA,NA,,NA,NA,NA,NA,NA,NA,,,NA,NA,NA,NA,NA,NA,NA,NA,NA,NA,NA,NA,NA,NA,NA,NA,NA,NA,NA,NA,NA,NA
,Gobius,paganellus,Chordata,Actinopterygii,NA,Gobiidae,NA,,,,,female,912,AnAge,,,,,NA,NA,NA,,,,,NA,NA,,NA,NA,NA,NA,NA,NA,,,NA,NA,NA,NA,NA,NA,NA,NA,NA,NA,NA,NA,NA,NA,NA,NA,NA,NA,NA,NA,NA,NA
,Ameiurus,melas,Chordata,Actinopterygii,Siluriformes,Ictaluridae,NA,,,,,female,730,AnAge,,,,,NA,NA,NA,,,,,NA,NA,,NA,NA,NA,NA,NA,NA,,,NA,NA,NA,NA,NA,NA,NA,NA,NA,NA,NA,NA,NA,NA,NA,NA,NA,NA,NA,NA,NA,NA
,Ameiurus,natalis,Chordata,Actinopterygii,Siluriformes,Ictaluridae,NA,,,,,female,730,AnAge,,,,,NA,NA,NA,,,,,NA,NA,,NA,NA,NA,NA,NA,NA,,,NA,NA,NA,NA,NA,NA,NA,NA,NA,NA,NA,NA,NA,NA,NA,NA,NA,NA,NA,NA,NA,NA
,Dicentrarchus,labrax,Chordata,Actinopterygii,Perciformes,Moronidae,juveniles,,,,,female,1460,AnAge,,,,,NA,NA,NA,,,,,NA,NA,,NA,NA,NA,NA,NA,NA,,,NA,NA,NA,NA,NA,NA,NA,NA,NA,NA,NA,NA,NA,NA,NA,NA,NA,NA,NA,NA,NA,NA
,Morone,chrysops,Chordata,Actinopterygii,Perciformes,Moronidae,juveniles,,,,,female,1095,AnAge,,,,,NA,NA,NA,,,,,NA,NA,,NA,NA,NA,NA,NA,NA,,,NA,NA,NA,NA,NA,NA,NA,NA,NA,NA,NA,NA,NA,NA,NA,NA,NA,NA,NA,NA,NA,NA
,Mugil,cephalus,Chordata,Actinopterygii,Mugiliformes,Mugilidae,NA,,,,,female,730,AnAge,,,,,NA,NA,NA,,,,,NA,NA,,NA,NA,NA,NA,NA,NA,,,NA,NA,NA,NA,NA,NA,NA,NA,NA,NA,NA,NA,NA,NA,NA,NA,NA,NA,NA,NA,NA,NA
,Trematomus,bernacchii,Chordata,Actinopterygii,NA,Nototheniidae,NA,,,,,female,2007,AnAge,,,,,NA,NA,NA,,,,,NA,NA,,NA,NA,NA,NA,NA,NA,,,NA,NA,NA,NA,NA,NA,NA,NA,NA,NA,NA,NA,NA,NA,NA,NA,NA,NA,NA,NA,NA,NA
,Perca,fluviatilis,Chordata,Actinopterygii,NA,Percidae,juveniles,none,"Le Cren, E. D. (1951). The length-weight relationship and seasonal cycle in gonad weight and condition in the perch (Perca fluviatilis). The Journal of Animal Ecology, 201-219.",,,female,1368,AnAge,,,8030,"Beverton, R.J.H. and S.J. Holt, 1959. A review of the lifespans and mortality rates of fish in nature, and their relation to growth and other physiological characteristics. p. 142-180. In G.E.W. Wolstenholme and M. O'Connor (eds.) CIBA Foundation colloquia on ageing: the lifespan of animals. volume 5. J & A Churchill Ltd, London.",Nacho,1-10,"Bruylants, B., Vandelannoote, A., & Verheyen, R. (1986). The movement pattern and density distribution of perch, Perca fluviatilis L., in a channelized lowland river. Aquaculture Research, 17(1), 49-57.",,,0.05,"Bruylants, B., Vandelannoote, A., & Verheyen, R. (1986). The movement pattern and density distribution of perch, Perca fluviatilis L., in a channelized lowland river. Aquaculture Research, 17(1), 49-57.",yes (depth migrant),"Riede, K., 2004. Global register of migratory species - from global to regional scales. Final Report of the R&D-Projekt 808 05 081. Federal Agency for Nature Conservation, Bonn, Germany. 329 p.",,NA,NA,NA,NA,NA,NA,,,NA,NA,NA,NA,NA,NA,NA,NA,NA,NA,NA,NA,NA,NA,NA,NA,NA,NA,NA,NA,NA,NA
,Oncorhynchus,kisutch,Chordata,Actinopterygii,NA,Salmonidae,NA,none,"Bustard, D. R., & Narver, D. W. (1975). Aspects of the winter ecology of juvenile coho salmon (Oncorhynchus kisutch) and steelhead trout (Salmo gairdneri). Journal of the Fisheries Board of Canada, 32(5), 667-680.",winter,wikipedia,female,1095,AnAge,,,1496,"Healey, M.C., 1986. Salmonid age at maturity. Canadian Special Publication of Fisheries and Aquatic Sciences 89: 39-52.",Nacho,100+,NA,,,unknown,,yes,"Riede, K., 2004. Global register of migratory species - from global to regional scales. Final Report of the R&D-Projekt 808 05 081. Federal Agency for Nature Conservation, Bonn, Germany. 329 p.",,NA,NA,NA,NA,NA,NA,,,NA,NA,NA,NA,NA,NA,NA,NA,NA,NA,NA,NA,NA,NA,NA,NA,NA,NA,NA,NA,NA,NA
,Salvelinus,fontinalis,Chordata,Actinopterygii,NA,Salmonidae,sub-adults,none,,winter,wikipedia,female,730,AnAge,,,2920,"Altman, P.L. and D.S. Dittmer, eds. 1962. Growth, Including Reproduction and Morphological Development. Biological Handbooks. Washington, D. C.: Federation of American Societies for Experimental Biology.",Nacho,1-10,"Brook Trout. J Mayhew, ed. Iowa Fish and Fishing. Des Moines, Iowa, USA: Iowa Department of Natural Resources. Accessed November 04, 2004 at http://www.iowadnr.com/fish/iafish/brooktro.html.",,,,,yes,"Riede, K., 2004. Global register of migratory species - from global to regional scales. Final Report of the R&D-Projekt 808 05 081. Federal Agency for Nature Conservation, Bonn, Germany. 329 p.",,NA,NA,NA,NA,NA,NA,,,NA,NA,NA,NA,NA,NA,NA,NA,NA,NA,NA,NA,NA,NA,NA,NA,NA,NA,NA,NA,NA,NA
,Salvelinus,alpinus,Chordata,Actinopterygii,NA,Salmonidae,juveniles,none,"Mortensen, A., Ugedal, O., & Lund, F. (2007). Seasonal variation in the temperature preference of Arctic charr (Salvelinus alpinus). Journal of Thermal Biology, 32(6), 314-320.",winter,wikipedia,female,3285,AnAge,,,14600,"Quinn, S., 2001. How long do fish live?. In-Fisherman 26(5):15.",Nacho,100+,http://www.arctic.uoguelph.ca/cpl/organisms/fish/fresh/salmon/articcharr.htm,,,unknown,,yes,"Riede, K., 2004. Global register of migratory species - from global to regional scales. Final Report of the R&D-Projekt 808 05 081. Federal Agency for Nature Conservation, Bonn, Germany. 329 p",,NA,NA,NA,NA,NA,NA,,,NA,NA,NA,NA,NA,NA,NA,NA,NA,NA,NA,NA,NA,NA,NA,NA,NA,NA,NA,NA,NA,NA
,Salvelinus,namaycush,Chordata,Actinopterygii,NA,Salmonidae,NA,none,"Flavelle, Ridgway, Middel, McKinley - Home Range and Habitat Preferences of Adult Lake Trout (Salvelinus namaycush) in Lake
Opeongo, Algonquin Park, Ontario. Algonquin Fisheries Symposium",,,female,4927,AnAge,,,14965,"Sprules, W.M., 1952. The Arctic char of the west coast of Hudson Bay. Journal of Fisheries Research Board Canada 9: 1.",Nacho,0-1,"lake resident, non-migratory",,,0.8 to 10.1,"Flavelle, Ridgway, Middel, McKinley - Home Range and Habitat Preferences of Adult Lake Trout (Salvelinus namaycush) in Lake
Opeongo, Algonquin Park, Ontario. Algonquin Fisheries Symposium",non-migratory,"Scott, W.B. and E.J. Crossman, 1998. Freshwater fishes of Canada. Oakville (Ontario, Canada): Galt House Publications. xx+966 p.",,Freshwater,NA,NA,NA,NA,NA,,,NA,NA,NA,NA,NA,NA,NA,NA,NA,NA,NA,NA,NA,NA,NA,NA,NA,NA,NA,NA,NA,NA
,Hyla,versicolor,Chordata,Amphibia,Anura,NA,larva,,,,,female,730,AnAge,,,,,NA,NA,NA,,,,,NA,NA,,NA,NA,NA,NA,NA,NA,,,NA,NA,NA,NA,NA,NA,NA,NA,NA,NA,NA,NA,NA,NA,NA,NA,NA,NA,NA,NA,NA,NA
,Ambystoma,tigrinum,Chordata,Amphibia,Caudata,NA,larva,,,,,female,1460,AnAge,,,,,NA,NA,NA,,,,,NA,NA,,NA,NA,NA,NA,NA,NA,,,NA,NA,NA,NA,NA,NA,NA,NA,NA,NA,NA,NA,NA,NA,NA,NA,NA,NA,NA,NA,NA,NA
,Desmognathus,ochrophaeus,Chordata,Amphibia,Caudata,NA,Adult,,,,,female,1280,AnAge,730,AmphiBio,,,NA,NA,NA,,,,,NA,NA,,NA,NA,NA,NA,NA,NA,,,NA,NA,NA,NA,NA,NA,NA,NA,NA,NA,NA,NA,NA,NA,NA,NA,NA,NA,NA,NA,NA,NA
,Necturus,maculosus,Chordata,Amphibia,Caudata,NA,Adult,,,,,female,2190,AnAge,1825,AmphiBio,,,NA,NA,NA,,,,,NA,NA,,NA,NA,NA,NA,NA,NA,,,NA,NA,NA,NA,NA,NA,NA,NA,NA,NA,NA,NA,NA,NA,NA,NA,NA,NA,NA,NA,NA,NA
,Notophthalmus,viridescens,Chordata,Amphibia,Caudata,NA,Adult,,,,,female,2000,AnAge,,,,,NA,NA,NA,,,,,NA,NA,,NA,NA,NA,NA,NA,NA,,,NA,NA,NA,NA,NA,NA,NA,NA,NA,NA,NA,NA,NA,NA,NA,NA,NA,NA,NA,NA,NA,NA
,Plethodon,cinereus,Chordata,Amphibia,Caudata,NA,Adult,,,non-migratory,,female,730,AnAge,365,AmphiBio,,,NA,NA,NA,,,,,non-migratory,AmphibiaWeb,,NA,NA,NA,NA,NA,NA,,,NA,NA,NA,NA,NA,NA,NA,NA,NA,NA,NA,NA,NA,NA,NA,NA,NA,NA,NA,NA,NA,NA
,Plethodon,jordani,Chordata,Amphibia,Caudata,NA,Adult,,,non-migratory,,female,1825,AnAge,1095,AmphiBio,,,NA,NA,NA,,,,,non-migratory,AmphibiaWeb,,NA,NA,NA,NA,NA,NA,,,NA,NA,NA,NA,NA,NA,NA,NA,NA,NA,NA,NA,NA,NA,NA,NA,NA,NA,NA,NA,NA,NA
,Tigriopus,californicus,,,,,,none,"although there can be encysting stages to survive dessication, these are not thought to have strong seasonal cycle",none,none,unk,21,"Powlik et al. Crustaceana, 1997",,,180,Willett 2010 [5] Potential fitness tradeoffs for thermal tolerance in the intertidal copepod Tigriopus californicus. Evolution 64: 2521-2534.,Jenn,0-1,"Willet and Ladner, BMC Evol Biol. 2009; 9: 139.",,,0.000001,remain in tide pools,N,NA,,,,,,,,,,,,,,,,,,,,,,,,,,,,,,,
,"Atractosteus
",spatula,,,,,,none,,none,,unk,11,floridamuseum.ufl.edu,,,50,floridamuseum.ufl.edu,Jenn,10-100,,,,,,,,,,,,,,,,,,,,,,,,,,,,,,,,,,,,,,