"genus_species","latitude","longitude","realm_of_population","LocationID","temp_id","population_source","latitude_of_raster","longitude_of_raster","raster_mean","elevation_of_collection"
"Litoria rothii",-12.46667,130.85,"Terrestrial",NA,"-12.46667_130.85","LPI",-12.5,130.5,18.4595264758125,14
"Lates calcarifer",-12.73222,141.94611,"Freshwater",NA,"-12.73222_141.94611","LPI",NA,NA,NA,NA
"Scatophagus argus",-12.73222,141.94611,"Freshwater",NA,"-12.73222_141.94611","LPI",NA,NA,NA,NA
"Oreochromis mossambicus",-20.351944,32.266111,"Freshwater",NA,"-20.351944_32.266111","LPI",NA,NA,NA,NA
"Oreochromis mossambicus",-20.419444,32.266111,"Freshwater",NA,"-20.419444_32.266111","LPI",NA,NA,NA,NA
"Oreochromis mossambicus",-20.445833,32.271944,"Freshwater",NA,"-20.445833_32.271944","LPI",NA,NA,NA,NA
"Sardinops sagax",-21,-70.5,"Marine",NA,"-21_-70.5","LPI",NA,NA,NA,NA
"Sardinops sagax",-21,-71.5,"Marine",NA,"-21_-71.5","LPI",NA,NA,NA,NA
"Sardinops sagax",-23.53333,10.95,"Marine",NA,"-23.53333_10.95","LPI",NA,NA,NA,NA
"Abudefduf saxatilis",-26.78389,-48.58361,"Marine",NA,"-26.78389_-48.58361","LPI",NA,NA,NA,NA
"Abudefduf saxatilis",-26.78472,-48.58417,"Marine",NA,"-26.78472_-48.58417","LPI",NA,NA,NA,NA
"Ambassis ambassis",-28.289196,32.409401,"Freshwater",NA,"-28.289196_32.409401","LPI",NA,NA,NA,NA
"Ambassis ambassis",-28.388338,32.40479,"Freshwater",NA,"-28.388338_32.40479","LPI",NA,NA,NA,NA
"Oreochromis mossambicus",-28.66056,32.25722,"Freshwater",NA,"-28.66056_32.25722","LPI",NA,NA,NA,NA
"Mugil cephalus",-28.66056,32.25722,"Freshwater",NA,"-28.66056_32.25722","LPI",NA,NA,NA,NA
"Terapon jarbua",-28.66056,32.25722,"Freshwater",NA,"-28.66056_32.25722","LPI",NA,NA,NA,NA
"Mugil cephalus",-33.545,27.05139,"Marine",NA,"-33.545_27.05139","LPI",NA,NA,NA,NA
"Oreochromis mossambicus",-33.545,27.05139,"Marine",NA,"-33.545_27.05139","LPI",NA,NA,NA,NA
"Terapon jarbua",-33.545,27.05139,"Marine",NA,"-33.545_27.05139","LPI",NA,NA,NA,NA
"Mugil cephalus",-33.73333,21.18333,"Freshwater",NA,"-33.73333_21.18333","LPI",NA,NA,NA,NA
"Mugil cephalus",-33.86667,25.65,"Marine",NA,"-33.86667_25.65","LPI",NA,NA,NA,NA
"Cyprinus carpio",-33.93333,151.2,"Freshwater",NA,"-33.93333_151.2","LPI",NA,NA,NA,NA
"Mugil cephalus",-33.96667,25.61667,"Freshwater",NA,"-33.96667_25.61667","LPI",NA,NA,NA,NA
"Cyprinus carpio",-33.96667,25.61667,"Freshwater",NA,"-33.96667_25.61667","LPI",NA,NA,NA,NA
"Oreochromis mossambicus",-33.96667,25.61667,"Freshwater",NA,"-33.96667_25.61667","LPI",NA,NA,NA,NA
"Mugil cephalus",-33.98333,22.76667,"Freshwater",NA,"-33.98333_22.76667","LPI",NA,NA,NA,NA
"Sardinops sagax",-34.33333,17.96667,"Marine",NA,"-34.33333_17.96667","LPI",NA,NA,NA,NA
"Sardinops sagax",-34.81667,136.63333,"Marine",NA,"-34.81667_136.63333","LPI",NA,NA,NA,NA
"Salmo trutta",-37.31667,-71.68333,"Freshwater",NA,"-37.31667_-71.68333","LPI",NA,NA,NA,NA
"Oncorhynchus mykiss",-37.31667,-71.68333,"Freshwater",NA,"-37.31667_-71.68333","LPI",NA,NA,NA,NA
"Salmo trutta",-37.35,-71.78333,"Freshwater",NA,"-37.35_-71.78333","LPI",NA,NA,NA,NA
"Oncorhynchus mykiss",-37.35,-71.78333,"Freshwater",NA,"-37.35_-71.78333","LPI",NA,NA,NA,NA
"Anguilla australis",-39.23333,175.78333,"Freshwater",NA,"-39.23333_175.78333","LPI",NA,NA,NA,NA
"Oncorhynchus mykiss",-41.13333,-72.78333,"Freshwater",NA,"-41.13333_-72.78333","LPI",NA,NA,NA,NA
"Anguilla australis",-41.5,173.8,"Freshwater",NA,"-41.5_173.8","LPI",NA,NA,NA,NA
"Lepidonotothen squamifrons",-49.25,69.16667,"Freshwater",NA,"-49.25_69.16667","LPI",NA,NA,NA,NA
"Lates calcarifer",-5.65,141.13333,"Freshwater",NA,"-5.65_141.13333","LPI",NA,NA,NA,NA
"Lepidonotothen squamifrons",-52.3,41.4,"Marine",NA,"-52.3_41.4","LPI",NA,NA,NA,NA
"Lepidonotothen squamifrons",-53,44.3,"Marine",NA,"-53_44.3","LPI",NA,NA,NA,NA
"Gobionotothen gibberifrons",-54.25,-36.75,"Marine",NA,"-54.25_-36.75","LPI",NA,NA,NA,NA
"Lates calcarifer",-6.38333,140.96667,"Freshwater",NA,"-6.38333_140.96667","LPI",NA,NA,NA,NA
"Lates calcarifer",-7.01667,141.05,"Freshwater",NA,"-7.01667_141.05","LPI",NA,NA,NA,NA
"Lates calcarifer",-8.16667,142.03333,"Freshwater",NA,"-8.16667_142.03333","LPI",NA,NA,NA,NA
"Lates calcarifer",-8.3925,143.22083,"Freshwater",NA,"-8.3925_143.22083","LPI",NA,NA,NA,NA
"Rhinella marina",17.09528,-88.975,"Terrestrial",NA,"17.09528_-88.975","LPI",17.5,-88.5,71.7005267923059,231
"Lithobates berlandieri",17.09528,-88.975,"Terrestrial",NA,"17.09528_-88.975","LPI",17.5,-88.5,71.7005267923059,231
"Abudefduf saxatilis",17.950402,-67.048359,"Marine",NA,"17.950402_-67.048359","LPI",NA,NA,NA,NA
"Haemulon flavolineatum",17.950402,-67.048359,"Marine",NA,"17.950402_-67.048359","LPI",NA,NA,NA,NA
"Eleutherodactylus coqui",18.133333,-66.966667,"Terrestrial",NA,"18.133333_-66.966667","LPI",18.5,-66.5,299.529025072728,510
"Eleutherodactylus coqui",18.166667,-66.8,"Terrestrial",NA,"18.166667_-66.8","LPI",18.5,-66.5,299.529025072728,681
"Eleutherodactylus coqui",18.3,-65.78333,"Terrestrial",NA,"18.3_-65.78333","LPI",18.5,-65.5,129.69443811477,656
"Eleutherodactylus portoricensis",18.3,-65.78333,"Terrestrial",NA,"18.3_-65.78333","LPI",18.5,-65.5,129.69443811477,656
"Eleutherodactylus coqui",18.34083,-65.82444,"Terrestrial",NA,"18.34083_-65.82444","LPI",18.5,-65.5,129.69443811477,107
"Eleutherodactylus coqui",19.10306,-155.81833,"Terrestrial",NA,"19.10306_-155.81833","LPI",19.5,-155.5,1319.20316931745,564
"Eleutherodactylus coqui",19.49389,-154.90917,"Terrestrial",NA,"19.49389_-154.90917","LPI",19.5,-154.5,130.211033934294,203
"Eleutherodactylus coqui",19.5,-154.93333,"Terrestrial",NA,"19.5_-154.93333","LPI",19.5,-154.5,130.211033934294,201
"Eleutherodactylus coqui",19.59778,-154.97583,"Terrestrial",NA,"19.59778_-154.97583","LPI",19.5,-154.5,130.211033934294,46
"Eleutherodactylus coqui",19.70667,-155.07778,"Terrestrial",NA,"19.70667_-155.07778","LPI",19.5,-155.5,1319.20316931745,17
"Eleutherodactylus coqui",19.85389,-155.15417,"Terrestrial",NA,"19.85389_-155.15417","LPI",19.5,-155.5,1319.20316931745,364
"Eleutherodactylus coqui",20.11556,-155.5925,"Terrestrial",NA,"20.11556_-155.5925","LPI",20.5,-155.5,561.46687661714,22
"Mugil cephalus",22.75,120,"Marine",NA,"22.75_120","LPI",NA,NA,NA,NA
"Micropterus salmoides",25.301812,-80.643459,"Freshwater",NA,"25.301812_-80.643459","LPI",NA,NA,NA,NA
"Lepomis macrochirus",25.55,-80.35,"Freshwater",NA,"25.55_-80.35","LPI",NA,NA,NA,NA
"Micropterus salmoides",25.55,-80.35,"Freshwater",NA,"25.55_-80.35","LPI",NA,NA,NA,NA
"Micropterus salmoides",25.655996,-80.692925,"Freshwater",NA,"25.655996_-80.692925","LPI",NA,NA,NA,NA
"Heterandria formosa",27.68333,-80.73333,"Freshwater",NA,"27.68333_-80.73333","LPI",NA,NA,NA,NA
"Sardinops sagax",29,-112.5,"Marine",NA,"29_-112.5","LPI",NA,NA,NA,NA
"Atractosteus spatula",30.16944,-90.16667,"Freshwater",NA,"30.16944_-90.16667","LPI",NA,NA,NA,NA
"Cyprinodon bovinus",30.88333,-102.88333,"Freshwater",NA,"30.88333_-102.88333","LPI",NA,NA,NA,NA
"Ambystoma tigrinum",33.27806,-81.72944,"Terrestrial",NA,"33.27806_-81.72944","LPI",33.5,-81.5,97.1778823462229,93
"Notophthalmus viridescens",33.27806,-81.72944,"Terrestrial",NA,"33.27806_-81.72944","LPI",33.5,-81.5,97.1778823462229,93
"Pseudacris crucifer",33.27806,-81.72944,"Terrestrial",NA,"33.27806_-81.72944","LPI",33.5,-81.5,97.1778823462229,93
"Lithobates clamitans",33.27806,-81.72944,"Terrestrial",NA,"33.27806_-81.72944","LPI",33.5,-81.5,97.1778823462229,93
"Ambystoma maculatum",33.83333,-85.8,"Terrestrial",NA,"33.83333_-85.8","LPI",33.5,-85.5,282.885879566655,178
"Desmognathus ochrophaeus",35.06583,-83.46111,"Terrestrial",NA,"35.06583_-83.46111","LPI",35.5,-83.5,780.733758086302,1122
"Desmognathus quadramaculatus",35.06583,-83.46111,"Terrestrial",NA,"35.06583_-83.46111","LPI",35.5,-83.5,780.733758086302,1122
"Sardinops sagax",35.08333,140.28333,"Marine",NA,"35.08333_140.28333","LPI",NA,NA,NA,NA
"Plethodon jordani",35.26499,-82.89183,"Terrestrial",NA,"35.26499_-82.89183","LPI",35.5,-82.5,735.920103090078,1067
"Plethodon jordani",35.57222,-83.18139,"Terrestrial",NA,"35.57222_-83.18139","LPI",35.5,-83.5,780.733758086302,1645
"Plethodon glutinosus",35.57222,-83.18167,"Terrestrial",NA,"35.57222_-83.18167","LPI",35.5,-83.5,780.733758086302,1640
"Desmognathus quadramaculatus",35.69556,-83.53472,"Terrestrial",NA,"35.69556_-83.53472","LPI",35.5,-83.5,780.733758088476,537
"Plethodon cinereus",35.91306,-81.88611,"Terrestrial",NA,"35.91306_-81.88611","LPI",35.5,-81.5,322.533364284893,1216
"Salvelinus fontinalis",36.7681,-118.36091,"Freshwater",NA,"36.7681_-118.36091","LPI",NA,NA,NA,NA
"Morone saxatilis",37.03333,-79.6,"Freshwater",NA,"37.03333_-79.6","LPI",NA,NA,NA,NA
"Salvelinus fontinalis",37.13333,-118.75,"Freshwater",NA,"37.13333_-118.75","LPI",NA,NA,NA,NA
"Salvelinus fontinalis",37.15,-118.71667,"Freshwater",NA,"37.15_-118.71667","LPI",NA,NA,NA,NA
"Salvelinus fontinalis",37.16667,-118.66667,"Freshwater",NA,"37.16667_-118.66667","LPI",NA,NA,NA,NA
"Dicentrarchus labrax",37.1775,-7.40278,"Marine",NA,"37.1775_-7.40278","LPI",NA,NA,NA,NA
"Salvelinus fontinalis",37.21667,-118.68333,"Freshwater",NA,"37.21667_-118.68333","LPI",NA,NA,NA,NA
"Salvelinus fontinalis",37.25,-118.7,"Freshwater",NA,"37.25_-118.7","LPI",NA,NA,NA,NA
"Pomoxis annularis",37.25667,-95.79806,"Freshwater",NA,"37.25667_-95.79806","LPI",NA,NA,NA,NA
"Diplodus vulgaris",37.637254,-0.684604,"Marine",NA,"37.637254_-0.684604","LPI",NA,NA,NA,NA
"Diplodus vulgaris",37.669757,-0.491001,"Marine",NA,"37.669757_-0.491001","LPI",NA,NA,NA,NA
"Gillichthys mirabilis",37.90444,-122.33111,"Freshwater",NA,"37.90444_-122.33111","LPI",NA,NA,NA,NA
"Gillichthys mirabilis",38.02083,-122.49778,"Freshwater",NA,"38.02083_-122.49778","LPI",NA,NA,NA,NA
"Lithobates sylvaticus",38.04167,-76.85417,"Terrestrial",NA,"38.04167_-76.85417","LPI",38.5,-76.5,22.0137598242872,37
"Lepomis macrochirus",38.04381,-121.80966,"Freshwater",NA,"38.04381_-121.80966","LPI",NA,NA,NA,NA
"Cyprinus carpio",38.04381,-121.80966,"Freshwater",NA,"38.04381_-121.80966","LPI",NA,NA,NA,NA
"Micropterus salmoides",38.04381,-121.80966,"Freshwater",NA,"38.04381_-121.80966","LPI",NA,NA,NA,NA
"Ameiurus catus",38.04381,-121.80966,"Freshwater",NA,"38.04381_-121.80966","LPI",NA,NA,NA,NA
"Salvelinus fontinalis",38.08634,-119.33017,"Freshwater",NA,"38.08634_-119.33017","LPI",NA,NA,NA,NA
"Pogonichthys macrolepidotus",38.1525,-122.06028,"Freshwater",NA,"38.1525_-122.06028","LPI",NA,NA,NA,NA
"Cyprinus carpio",38.1525,-122.06028,"Freshwater",NA,"38.1525_-122.06028","LPI",NA,NA,NA,NA
"Morone saxatilis",38.1525,-122.06028,"Freshwater",NA,"38.1525_-122.06028","LPI",NA,NA,NA,NA
"Hypomesus transpacificus",38.1525,-122.06028,"Freshwater",NA,"38.1525_-122.06028","LPI",NA,NA,NA,NA
"Gillichthys mirabilis",38.21306,-122.93917,"Freshwater",NA,"38.21306_-122.93917","LPI",NA,NA,NA,NA
"Gillichthys mirabilis",38.22583,-122.95528,"Freshwater",NA,"38.22583_-122.95528","LPI",NA,NA,NA,NA
"Lithobates sylvaticus",38.49556,-78.46472,"Terrestrial",NA,"38.49556_-78.46472","LPI",38.5,-78.5,349.085566302492,877
"Notophthalmus viridescens",38.51667,-79.02667,"Terrestrial",NA,"38.51667_-79.02667","LPI",38.5,-79.5,785.148952797372,586
"Notophthalmus viridescens",38.56167,-79.03139,"Terrestrial",NA,"38.56167_-79.03139","LPI",38.5,-79.5,785.148952797372,1128
"Notophthalmus viridescens",38.57111,-79.0275,"Terrestrial",NA,"38.57111_-79.0275","LPI",38.5,-79.5,785.148952797372,1011
"Lithobates sylvaticus",38.571111,-79.0275,"Terrestrial",NA,"38.571111_-79.0275","LPI",38.5,-79.5,785.148952789577,1011
"Notophthalmus viridescens",38.62278,-79.07167,"Terrestrial",NA,"38.62278_-79.07167","LPI",38.5,-79.5,785.148952797372,1075
"Notophthalmus viridescens",38.62389,-79.03778,"Terrestrial",NA,"38.62389_-79.03778","LPI",38.5,-79.5,785.148952797372,608
"Notophthalmus viridescens",38.62389,-79.06778,"Terrestrial",NA,"38.62389_-79.06778","LPI",38.5,-79.5,785.148952797372,1085
"Anaxyrus americanus",39.00028,-76.74972,"Terrestrial",NA,"39.00028_-76.74972","LPI",39.5,-76.5,117.381785530686,42
"Eurycea lucifuga",39.23889,-84.7575,"Terrestrial",NA,"39.23889_-84.7575","LPI",39.5,-84.5,263.829662958106,231
"Ambystoma tigrinum",39.29657,-106.42057,"Terrestrial",NA,"39.29657_-106.42057","LPI",39.5,-106.5,3008.08352512121,3382
"Pseudacris regilla",39.34083,-119.81278,"Terrestrial",NA,"39.34083_-119.81278","LPI",39.5,-119.5,1597.96224814578,1672
"Salvelinus fontinalis",39.68583,-107.12028,"Freshwater",NA,"39.68583_-107.12028","LPI",NA,NA,NA,NA
"Salvelinus fontinalis",39.88417,-105.50611,"Freshwater",NA,"39.88417_-105.50611","LPI",NA,NA,NA,NA
"Lepomis gibbosus",40,-5,"Freshwater",NA,"40_-5","LPI",NA,NA,NA,NA
"Micropterus salmoides",40,-5,"Freshwater",NA,"40_-5","LPI",NA,NA,NA,NA
"Sardinops sagax",40,135,"Marine",NA,"40_135","LPI",NA,NA,NA,NA
"Alosa pseudoharengus",40.15,-73.93333,"Marine",NA,"40.15_-73.93333","LPI",NA,NA,NA,NA
"Dorosoma cepedianum",40.15,-73.93333,"Marine",NA,"40.15_-73.93333","LPI",NA,NA,NA,NA
"Fundulus heteroclitus",40.15,-73.93333,"Marine",NA,"40.15_-73.93333","LPI",NA,NA,NA,NA
"Morone saxatilis",40.15,-73.93333,"Marine",NA,"40.15_-73.93333","LPI",NA,NA,NA,NA
"Salvelinus fontinalis",40.45306,-106.81667,"Freshwater",NA,"40.45306_-106.81667","LPI",NA,NA,NA,NA
"Salvelinus fontinalis",40.62389,-105.1675,"Freshwater",NA,"40.62389_-105.1675","LPI",NA,NA,NA,NA
"Lithobates pipiens",40.85972,-105.58944,"Terrestrial",NA,"40.85972_-105.58944","LPI",40.5,-105.5,2442.91253276281,2551
"Pseudacris regilla",41,-123.53333,"Terrestrial",NA,"41_-123.53333","LPI",40.5,-123.5,862.094269327381,957
"Morone saxatilis",41.16667,-74,"Freshwater",NA,"41.16667_-74","LPI",NA,NA,NA,NA
"Perca flavescens",41.57722,-82.76833,"Freshwater",NA,"41.57722_-82.76833","LPI",NA,NA,NA,NA
"Notophthalmus viridescens",41.72556,-85.85278,"Terrestrial",NA,"41.72556_-85.85278","LPI",41.5,-85.5,268.622238954304,231
"Pseudacris crucifer",41.72556,-85.85278,"Terrestrial",NA,"41.72556_-85.85278","LPI",41.5,-85.5,268.622238954304,231
"Ambystoma maculatum",41.72556,-87.85278,"Terrestrial",NA,"41.72556_-87.85278","LPI",41.5,-87.5,197.003150420706,232
"Ambystoma tigrinum",41.72556,-87.85278,"Terrestrial",NA,"41.72556_-87.85278","LPI",41.5,-87.5,197.003150420706,232
"Anaxyrus americanus",41.72556,-87.85278,"Terrestrial",NA,"41.72556_-87.85278","LPI",41.5,-87.5,197.003150420706,232
"Lithobates pipiens",41.72556,-87.85278,"Terrestrial",NA,"41.72556_-87.85278","LPI",41.5,-87.5,197.003150420706,232
"Acipenser brevirostrum",41.868056,-73.946667,"Freshwater",NA,"41.868056_-73.946667","LPI",NA,NA,NA,NA
"Lithobates clamitans",41.96694,-82.53278,"Terrestrial",NA,"41.96694_-82.53278","LPI",41.5,-82.5,207.641712708374,177
"Lithobates pipiens",41.96694,-82.53278,"Terrestrial",NA,"41.96694_-82.53278","LPI",41.5,-82.5,207.641712708374,177
"Pimephales notatus",41.970728,-82.517801,"Freshwater",NA,"41.970728_-82.517801","LPI",NA,NA,NA,NA
"Ameiurus melas",41.970728,-82.517801,"Freshwater",NA,"41.970728_-82.517801","LPI",NA,NA,NA,NA
"Ameiurus natalis",41.970728,-82.517801,"Freshwater",NA,"41.970728_-82.517801","LPI",NA,NA,NA,NA
"Lithobates clamitans",42.16667,-82.81667,"Terrestrial",NA,"42.16667_-82.81667","LPI",42.5,-82.5,186.81926692105,195
"Sander vitreus",42.25,-81,"Freshwater",NA,"42.25_-81","LPI",NA,NA,NA,NA
"Plethodon cinereus",42.566667,-80.249444,"Terrestrial",NA,"42.566667_-80.249444","LPI",42.5,-80.5,195.097716759751,175
"Lithobates sylvaticus",42.66667,-83.21667,"Terrestrial",NA,"42.66667_-83.21667","LPI",42.5,-83.5,250.002160675614,265
"Necturus maculosus",42.705841,-81.963458,"Terrestrial",NA,"42.705841_-81.963458","LPI",42.5,-81.5,196.141364202651,190
"Perca flavescens",42.815,-75.00056,"Freshwater",NA,"42.815_-75.00056","LPI",NA,NA,NA,NA
"Micropterus dolomieu",42.85,-79.58333,"Freshwater",NA,"42.85_-79.58333","LPI",NA,NA,NA,NA
"Desmognathus fuscus",43,-72,"Terrestrial",NA,"43_-72","LPI",42.5,-72.5,268.024428237114,335
"Eurycea bislineata",43,-72,"Terrestrial",NA,"43_-72","LPI",42.5,-72.5,268.024428237114,335
"Semotilus atromaculatus",43.02139,-76.1975,"Freshwater",NA,"43.02139_-76.1975","LPI",NA,NA,NA,NA
"Rhinichthys atratulus",43.02139,-76.1975,"Freshwater",NA,"43.02139_-76.1975","LPI",NA,NA,NA,NA
"Catostomus commersonii",43.02139,-76.1975,"Freshwater",NA,"43.02139_-76.1975","LPI",NA,NA,NA,NA
"Salmo trutta",43.02139,-76.1975,"Freshwater",NA,"43.02139_-76.1975","LPI",NA,NA,NA,NA
"Acris crepitans",43.06917,-89.40861,"Terrestrial",NA,"43.06917_-89.40861","LPI",43.5,-89.5,277.981804981213,263
"Anaxyrus americanus",43.06917,-89.40861,"Terrestrial",NA,"43.06917_-89.40861","LPI",43.5,-89.5,277.981804981213,263
"Lithobates pipiens",43.06917,-89.40861,"Terrestrial",NA,"43.06917_-89.40861","LPI",43.5,-89.5,277.981804981213,263
"Pseudacris crucifer",43.06917,-89.40861,"Terrestrial",NA,"43.06917_-89.40861","LPI",43.5,-89.5,277.981804981213,263
"Lithobates sylvaticus",43.06917,-89.40861,"Terrestrial",NA,"43.06917_-89.40861","LPI",43.5,-89.5,277.981804981213,263
"Pseudacris triseriata",43.095367,-81.069321,"Terrestrial",NA,"43.095367_-81.069321","LPI",43.5,-81.5,267.278557649834,307
"Perca flavescens",43.21278,-75.94194,"Freshwater",NA,"43.21278_-75.94194","LPI",NA,NA,NA,NA
"Lithobates clamitans",43.37,-80.98194,"Terrestrial",NA,"43.37_-80.98194","LPI",43.5,-80.5,351.961252285781,370
"Oncorhynchus kisutch",43.5,-87.5,"Freshwater",NA,"43.5_-87.5","LPI",NA,NA,NA,NA
"Salvelinus namaycush",43.5,-87.5,"Freshwater",NA,"43.5_-87.5","LPI",NA,NA,NA,NA
"Ameiurus melas",43.5,4.5,"Freshwater",NA,"43.5_4.5","LPI",NA,NA,NA,NA
"Lepomis gibbosus",43.5,4.5,"Freshwater",NA,"43.5_4.5","LPI",NA,NA,NA,NA
"Cyprinus carpio",43.5,4.5,"Freshwater",NA,"43.5_4.5","LPI",NA,NA,NA,NA
"Esox lucius",43.62142,-79.361398,"Freshwater",NA,"43.62142_-79.361398","LPI",NA,NA,NA,NA
"Dorosoma cepedianum",43.62142,-79.361398,"Freshwater",NA,"43.62142_-79.361398","LPI",NA,NA,NA,NA
"Catostomus commersonii",43.62142,-79.361398,"Freshwater",NA,"43.62142_-79.361398","LPI",NA,NA,NA,NA
"Cyprinus carpio",43.62142,-79.361398,"Freshwater",NA,"43.62142_-79.361398","LPI",NA,NA,NA,NA
"Ameiurus nebulosus",43.62142,-79.361398,"Freshwater",NA,"43.62142_-79.361398","LPI",NA,NA,NA,NA
"Ictalurus punctatus",43.62142,-79.361398,"Freshwater",NA,"43.62142_-79.361398","LPI",NA,NA,NA,NA
"Morone chrysops",43.62142,-79.361398,"Freshwater",NA,"43.62142_-79.361398","LPI",NA,NA,NA,NA
"Ambloplites rupestris",43.62142,-79.361398,"Freshwater",NA,"43.62142_-79.361398","LPI",NA,NA,NA,NA
"Lepomis gibbosus",43.62142,-79.361398,"Freshwater",NA,"43.62142_-79.361398","LPI",NA,NA,NA,NA
"Lepomis macrochirus",43.62142,-79.361398,"Freshwater",NA,"43.62142_-79.361398","LPI",NA,NA,NA,NA
"Micropterus dolomieu",43.62142,-79.361398,"Freshwater",NA,"43.62142_-79.361398","LPI",NA,NA,NA,NA
"Micropterus salmoides",43.62142,-79.361398,"Freshwater",NA,"43.62142_-79.361398","LPI",NA,NA,NA,NA
"Pomoxis nigromaculatus",43.62142,-79.361398,"Freshwater",NA,"43.62142_-79.361398","LPI",NA,NA,NA,NA
"Perca flavescens",43.62142,-79.361398,"Freshwater",NA,"43.62142_-79.361398","LPI",NA,NA,NA,NA
"Aplodinotus grunniens",43.62142,-79.361398,"Freshwater",NA,"43.62142_-79.361398","LPI",NA,NA,NA,NA
"Alosa pseudoharengus",43.698439,-77.80861,"Freshwater",NA,"43.698439_-77.80861","LPI",NA,NA,NA,NA
"Osmerus mordax",43.698439,-77.80861,"Freshwater",NA,"43.698439_-77.80861","LPI",NA,NA,NA,NA
"Alosa pseudoharengus",43.75,-77.99944,"Freshwater",NA,"43.75_-77.99944","LPI",NA,NA,NA,NA
"Pomoxis nigromaculatus",43.92083,-96.94694,"Freshwater",NA,"43.92083_-96.94694","LPI",NA,NA,NA,NA
"Oncorhynchus mykiss",43.944964,-78.291582,"Freshwater",NA,"43.944964_-78.291582","LPI",NA,NA,NA,NA
"Perca flavescens",43.947746,-77.547686,"Freshwater",NA,"43.947746_-77.547686","LPI",NA,NA,NA,NA
"Sander vitreus",43.947746,-77.547686,"Freshwater",NA,"43.947746_-77.547686","LPI",NA,NA,NA,NA
"Micropterus dolomieu",43.947746,-77.547686,"Freshwater",NA,"43.947746_-77.547686","LPI",NA,NA,NA,NA
"Salvelinus namaycush",43.947746,-77.547686,"Freshwater",NA,"43.947746_-77.547686","LPI",NA,NA,NA,NA
"Coregonus clupeaformis",43.947746,-77.547686,"Freshwater",NA,"43.947746_-77.547686","LPI",NA,NA,NA,NA
"Salmo trutta",43.947746,-77.547686,"Freshwater",NA,"43.947746_-77.547686","LPI",NA,NA,NA,NA
"Coregonus artedi",43.947746,-77.547686,"Freshwater",NA,"43.947746_-77.547686","LPI",NA,NA,NA,NA
"Anaxyrus boreas",44.03,-121.68417,"Terrestrial",NA,"44.03_-121.68417","LPI",44.5,-121.5,1108.96118249196,1886
"Alosa pseudoharengus",44.03,-69.31,"Freshwater",NA,"44.03_-69.31","LPI",NA,NA,NA,NA
"Coregonus clupeaformis",44.062208,-76.794435,"Freshwater",NA,"44.062208_-76.794435","LPI",NA,NA,NA,NA
"Coregonus artedi",44.062208,-76.794435,"Freshwater",NA,"44.062208_-76.794435","LPI",NA,NA,NA,NA
"Salvelinus namaycush",44.062208,-76.794435,"Freshwater",NA,"44.062208_-76.794435","LPI",NA,NA,NA,NA
"Sander vitreus",44.1,-78.51,"Freshwater",NA,"44.1_-78.51","LPI",NA,NA,NA,NA
"Anaxyrus boreas",44.10139,-121.64278,"Terrestrial",NA,"44.10139_-121.64278","LPI",44.5,-121.5,1108.96118249196,2048
"Esox lucius",44.149251,-77.22225,"Freshwater",NA,"44.149251_-77.22225","LPI",NA,NA,NA,NA
"Notemigonus crysoleucas",44.149251,-77.22225,"Freshwater",NA,"44.149251_-77.22225","LPI",NA,NA,NA,NA
"Ictalurus punctatus",44.149251,-77.22225,"Freshwater",NA,"44.149251_-77.22225","LPI",NA,NA,NA,NA
"Micropterus dolomieu",44.149251,-77.22225,"Freshwater",NA,"44.149251_-77.22225","LPI",NA,NA,NA,NA
"Dorosoma cepedianum",44.152886,-77.229936,"Freshwater",NA,"44.152886_-77.229936","LPI",NA,NA,NA,NA
"Lepomis gibbosus",44.152886,-77.229936,"Freshwater",NA,"44.152886_-77.229936","LPI",NA,NA,NA,NA
"Ameiurus nebulosus",44.152886,-77.229936,"Freshwater",NA,"44.152886_-77.229936","LPI",NA,NA,NA,NA
"Perca flavescens",44.152886,-77.229936,"Freshwater",NA,"44.152886_-77.229936","LPI",NA,NA,NA,NA
"Aplodinotus grunniens",44.152886,-77.229936,"Freshwater",NA,"44.152886_-77.229936","LPI",NA,NA,NA,NA
"Notropis hudsonius",44.152886,-77.229936,"Freshwater",NA,"44.152886_-77.229936","LPI",NA,NA,NA,NA
"Sander vitreus",44.152886,-77.229936,"Freshwater",NA,"44.152886_-77.229936","LPI",NA,NA,NA,NA
"Catostomus commersonii",44.152886,-77.229936,"Freshwater",NA,"44.152886_-77.229936","LPI",NA,NA,NA,NA
"Coregonus clupeaformis",44.152886,-77.229936,"Freshwater",NA,"44.152886_-77.229936","LPI",NA,NA,NA,NA
"Etheostoma nigrum",44.152886,-77.229936,"Freshwater",NA,"44.152886_-77.229936","LPI",NA,NA,NA,NA
"Cyprinus carpio",44.152886,-77.229936,"Freshwater",NA,"44.152886_-77.229936","LPI",NA,NA,NA,NA
"Lepomis macrochirus",44.152886,-77.229936,"Freshwater",NA,"44.152886_-77.229936","LPI",NA,NA,NA,NA
"Morone chrysops",44.152886,-77.229936,"Freshwater",NA,"44.152886_-77.229936","LPI",NA,NA,NA,NA
"Coregonus artedi",44.152886,-77.229936,"Freshwater",NA,"44.152886_-77.229936","LPI",NA,NA,NA,NA
"Micropterus salmoides",44.152886,-77.229936,"Freshwater",NA,"44.152886_-77.229936","LPI",NA,NA,NA,NA
"Pomoxis nigromaculatus",44.152886,-77.229936,"Freshwater",NA,"44.152886_-77.229936","LPI",NA,NA,NA,NA
"Ambloplites rupestris",44.152886,-77.229936,"Freshwater",NA,"44.152886_-77.229936","LPI",NA,NA,NA,NA
"Sander vitreus",44.29,-78.23,"Freshwater",NA,"44.29_-78.23","LPI",NA,NA,NA,NA
"Desmognathus fuscus",44.35,-68.21667,"Terrestrial",NA,"44.35_-68.21667","LPI",44.5,-68.5,59.623238216527,228
"Sander vitreus",44.35,-78.5,"Freshwater",NA,"44.35_-78.5","LPI",NA,NA,NA,NA
"Lithobates clamitans",44.42389,-81.10944,"Terrestrial",NA,"44.42389_-81.10944","LPI",44.5,-81.5,207.228231478471,233
"Anaxyrus boreas",44.43113,-121.90963,"Terrestrial",NA,"44.43113_-121.90963","LPI",44.5,-121.5,1108.961182525,1211
"Osmerus mordax",44.43667,-79.33917,"Freshwater",NA,"44.43667_-79.33917","LPI",NA,NA,NA,NA
"Notemigonus crysoleucas",44.73333,-79.37806,"Freshwater",NA,"44.73333_-79.37806","LPI",NA,NA,NA,NA
"Perca flavescens",45,-63,"Freshwater",NA,"45_-63","LPI",NA,NA,NA,NA
"Coregonus clupeaformis",45,-82,"Freshwater",NA,"45_-82","LPI",NA,NA,NA,NA
"Anaxyrus americanus",45,-85,"Terrestrial",NA,"45_-85","LPI",44.5,-85.5,304.631789200203,285
"Lithobates clamitans",45,-85,"Terrestrial",NA,"45_-85","LPI",44.5,-85.5,304.631789200203,285
"Lithobates pipiens",45,-85,"Terrestrial",NA,"45_-85","LPI",44.5,-85.5,304.631789200203,285
"Pseudacris crucifer",45,-85,"Terrestrial",NA,"45_-85","LPI",44.5,-85.5,304.631789200203,285
"Lithobates sylvaticus",45,-85,"Terrestrial",NA,"45_-85","LPI",44.5,-85.5,304.631789200203,285
"Desmognathus ochrophaeus",45.016389,-73.795833,"Terrestrial",NA,"45.016389_-73.795833","LPI",45.5,-73.5,48.0633008759663,346
"Desmognathus fuscus",45.016389,-73.795833,"Terrestrial",NA,"45.016389_-73.795833","LPI",45.5,-73.5,48.0633008759663,346
"Plethodon cinereus",45.016389,-73.795833,"Terrestrial",NA,"45.016389_-73.795833","LPI",45.5,-73.5,48.0633008759663,346
"Eurycea bislineata",45.016389,-73.795833,"Terrestrial",NA,"45.016389_-73.795833","LPI",45.5,-73.5,48.0633008759663,346
"Pseudacris triseriata",45.029279,-78.432602,"Terrestrial",NA,"45.029279_-78.432602","LPI",45.5,-78.5,422.163578457049,387
"Micropterus salmoides",45.04694,-79.96722,"Freshwater",NA,"45.04694_-79.96722","LPI",NA,NA,NA,NA
"Rutilus rutilus",45.08722,29.32444,"Freshwater",NA,"45.08722_29.32444","LPI",NA,NA,NA,NA
"Perca fluviatilis",45.08722,29.32444,"Freshwater",NA,"45.08722_29.32444","LPI",NA,NA,NA,NA
"Esox lucius",45.08722,29.32444,"Freshwater",NA,"45.08722_29.32444","LPI",NA,NA,NA,NA
"Scardinius erythrophthalmus",45.08722,29.32444,"Freshwater",NA,"45.08722_29.32444","LPI",NA,NA,NA,NA
"Carassius carassius",45.08722,29.32444,"Freshwater",NA,"45.08722_29.32444","LPI",NA,NA,NA,NA
"Rutilus rutilus",45.08944,29.26306,"Freshwater",NA,"45.08944_29.26306","LPI",NA,NA,NA,NA
"Perca fluviatilis",45.08944,29.26306,"Freshwater",NA,"45.08944_29.26306","LPI",NA,NA,NA,NA
"Esox lucius",45.08944,29.26306,"Freshwater",NA,"45.08944_29.26306","LPI",NA,NA,NA,NA
"Scardinius erythrophthalmus",45.08944,29.26306,"Freshwater",NA,"45.08944_29.26306","LPI",NA,NA,NA,NA
"Rutilus rutilus",45.10972,29.27278,"Freshwater",NA,"45.10972_29.27278","LPI",NA,NA,NA,NA
"Perca fluviatilis",45.10972,29.27278,"Freshwater",NA,"45.10972_29.27278","LPI",NA,NA,NA,NA
"Esox lucius",45.10972,29.27278,"Freshwater",NA,"45.10972_29.27278","LPI",NA,NA,NA,NA
"Scardinius erythrophthalmus",45.10972,29.27278,"Freshwater",NA,"45.10972_29.27278","LPI",NA,NA,NA,NA
"Carassius carassius",45.10972,29.27278,"Freshwater",NA,"45.10972_29.27278","LPI",NA,NA,NA,NA
"Rutilus rutilus",45.12278,29.30667,"Freshwater",NA,"45.12278_29.30667","LPI",NA,NA,NA,NA
"Perca fluviatilis",45.12278,29.30667,"Freshwater",NA,"45.12278_29.30667","LPI",NA,NA,NA,NA
"Esox lucius",45.12278,29.30667,"Freshwater",NA,"45.12278_29.30667","LPI",NA,NA,NA,NA
"Scardinius erythrophthalmus",45.12278,29.30667,"Freshwater",NA,"45.12278_29.30667","LPI",NA,NA,NA,NA
"Carassius carassius",45.12278,29.30667,"Freshwater",NA,"45.12278_29.30667","LPI",NA,NA,NA,NA
"Rutilus rutilus",45.13222,29.33667,"Freshwater",NA,"45.13222_29.33667","LPI",NA,NA,NA,NA
"Perca fluviatilis",45.13222,29.33667,"Freshwater",NA,"45.13222_29.33667","LPI",NA,NA,NA,NA
"Esox lucius",45.13222,29.33667,"Freshwater",NA,"45.13222_29.33667","LPI",NA,NA,NA,NA
"Scardinius erythrophthalmus",45.13222,29.33667,"Freshwater",NA,"45.13222_29.33667","LPI",NA,NA,NA,NA
"Carassius carassius",45.13222,29.33667,"Freshwater",NA,"45.13222_29.33667","LPI",NA,NA,NA,NA
"Esox lucius",45.160229,-74.381869,"Freshwater",NA,"45.160229_-74.381869","LPI",NA,NA,NA,NA
"Catostomus commersonii",45.160229,-74.381869,"Freshwater",NA,"45.160229_-74.381869","LPI",NA,NA,NA,NA
"Ameiurus nebulosus",45.160229,-74.381869,"Freshwater",NA,"45.160229_-74.381869","LPI",NA,NA,NA,NA
"Ambloplites rupestris",45.160229,-74.381869,"Freshwater",NA,"45.160229_-74.381869","LPI",NA,NA,NA,NA
"Lepomis gibbosus",45.160229,-74.381869,"Freshwater",NA,"45.160229_-74.381869","LPI",NA,NA,NA,NA
"Micropterus dolomieu",45.160229,-74.381869,"Freshwater",NA,"45.160229_-74.381869","LPI",NA,NA,NA,NA
"Micropterus salmoides",45.160229,-74.381869,"Freshwater",NA,"45.160229_-74.381869","LPI",NA,NA,NA,NA
"Perca flavescens",45.160229,-74.381869,"Freshwater",NA,"45.160229_-74.381869","LPI",NA,NA,NA,NA
"Sander vitreus",45.160229,-74.381869,"Freshwater",NA,"45.160229_-74.381869","LPI",NA,NA,NA,NA
"Plethodon cinereus",45.18731,-81.610784,"Terrestrial",NA,"45.18731_-81.610784","LPI",45.5,-81.5,183.01169358547,196
"Plethodon cinereus",45.214983,-81.550191,"Terrestrial",NA,"45.214983_-81.550191","LPI",45.5,-81.5,183.01169358547,201
"Plethodon cinereus",45.218917,-81.469569,"Terrestrial",NA,"45.218917_-81.469569","LPI",45.5,-81.5,183.01169358547,238
"Plethodon cinereus",45.25,-79.87,"Terrestrial",NA,"45.25_-79.87","LPI",45.5,-79.5,315.530280101887,249
"Sander vitreus",45.26889,-79.60417,"Freshwater",NA,"45.26889_-79.60417","LPI",NA,NA,NA,NA
"Alosa pseudoharengus",45.55,-66.52,"Freshwater",NA,"45.55_-66.52","LPI",NA,NA,NA,NA
"Lithobates clamitans",45.58333,-78.5,"Terrestrial",NA,"45.58333_-78.5","LPI",45.5,-78.5,422.163578457049,462
"Ambystoma maculatum",45.612,-65.038,"Terrestrial",NA,"45.612_-65.038","LPI",45.5,-65.5,87.3912344881297,338
"Notophthalmus viridescens",45.616667,-65.031944,"Terrestrial",NA,"45.616667_-65.031944","LPI",45.5,-65.5,87.3912344881297,339
"Perca flavescens",45.625,-81.87611,"Freshwater",NA,"45.625_-81.87611","LPI",NA,NA,NA,NA
"Alosa pseudoharengus",45.63333,-81.86667,"Freshwater",NA,"45.63333_-81.86667","LPI",NA,NA,NA,NA
"Esox masquinongy",45.95,-66.865556,"Freshwater",NA,"45.95_-66.865556","LPI",NA,NA,NA,NA
"Sander vitreus",46.04,-89.35,"Freshwater",NA,"46.04_-89.35","LPI",NA,NA,NA,NA
"Sander vitreus",46.06667,-89.58333,"Freshwater",NA,"46.06667_-89.58333","LPI",NA,NA,NA,NA
"Sander vitreus",46.15,-93.4,"Freshwater",NA,"46.15_-93.4","LPI",NA,NA,NA,NA
"Sander vitreus",46.17,-80,"Freshwater",NA,"46.17_-80","LPI",NA,NA,NA,NA
"Lithobates sylvaticus",46.235,-63.126667,"Terrestrial",NA,"46.235_-63.126667","LPI",46.5,-63.5,9.604010745065,19
"Pseudacris crucifer",46.235,-63.126667,"Terrestrial",NA,"46.235_-63.126667","LPI",46.5,-63.5,9.604010745065,19
"Anaxyrus americanus",46.235,-63.126667,"Terrestrial",NA,"46.235_-63.126667","LPI",46.5,-63.5,9.604010745065,19
"Lithobates pipiens",46.235,-63.126667,"Terrestrial",NA,"46.235_-63.126667","LPI",46.5,-63.5,9.604010745065,19
"Lithobates clamitans",46.235,-63.126667,"Terrestrial",NA,"46.235_-63.126667","LPI",46.5,-63.5,9.604010745065,19
"Osmerus mordax",46.237205,-63.902612,"Marine",NA,"46.237205_-63.902612","LPI",NA,NA,NA,NA
"Sander vitreus",46.25,-93.66667,"Freshwater",NA,"46.25_-93.66667","LPI",NA,NA,NA,NA
"Lithobates pipiens",46.253599,-63.213505,"Terrestrial",NA,"46.253599_-63.213505","LPI",46.5,-63.5,9.604010745065,22
"Lithobates clamitans",46.34346,-63.421546,"Terrestrial",NA,"46.34346_-63.421546","LPI",46.5,-63.5,9.604010745065,128
"Coregonus clupeaformis",46.66667,-84.75,"Freshwater",NA,"46.66667_-84.75","LPI",NA,NA,NA,NA
"Plethodon cinereus",46.803193,-60.723669,"Terrestrial",NA,"46.803193_-60.723669","LPI",46.5,-60.5,143.915562747646,155
"Plethodon cinereus",46.81453,-60.74811,"Terrestrial",NA,"46.81453_-60.74811","LPI",46.5,-60.5,143.915562747646,44
"Morone saxatilis",47.08333,-65.36667,"Freshwater",NA,"47.08333_-65.36667","LPI",NA,NA,NA,NA
"Salvelinus namaycush",47.15417,-90.5,"Freshwater",NA,"47.15417_-90.5","LPI",NA,NA,NA,NA
"Salvelinus namaycush",47.26472,-87.17472,"Freshwater",NA,"47.26472_-87.17472","LPI",NA,NA,NA,NA
"Coregonus artedi",48,-88,"Freshwater",NA,"48_-88","LPI",NA,NA,NA,NA
"Sander vitreus",48.44972,-92.45028,"Freshwater",NA,"48.44972_-92.45028","LPI",NA,NA,NA,NA
"Coregonus clupeaformis",48.46667,-89.15,"Freshwater",NA,"48.46667_-89.15","LPI",NA,NA,NA,NA
"Gasterosteus aculeatus",48.46667,-89.15,"Freshwater",NA,"48.46667_-89.15","LPI",NA,NA,NA,NA
"Coregonus artedi",48.46667,-89.15,"Freshwater",NA,"48.46667_-89.15","LPI",NA,NA,NA,NA
"Sander vitreus",48.49,-90.06,"Freshwater",NA,"48.49_-90.06","LPI",NA,NA,NA,NA
"Oncorhynchus kisutch",48.56,-125,"Freshwater",NA,"48.56_-125","LPI",NA,NA,NA,NA
"Sander vitreus",48.7,-93.16667,"Freshwater",NA,"48.7_-93.16667","LPI",NA,NA,NA,NA
"Sardinops sagax",49.111412,-127.280614,"Marine",NA,"49.111412_-127.280614","LPI",NA,NA,NA,NA
"Sander vitreus",49.11667,-92.38361,"Freshwater",NA,"49.11667_-92.38361","LPI",NA,NA,NA,NA
"Oncorhynchus kisutch",49.216128,-123.52794,"Freshwater",NA,"49.216128_-123.52794","LPI",NA,NA,NA,NA
"Lithobates clamitans",49.25,-84.499722,"Freshwater",NA,"49.25_-84.499722","LPI",49.5,-84.5,284.305632579498,308
"Anaxyrus americanus",49.25,-84.499722,"Freshwater",NA,"49.25_-84.499722","LPI",49.5,-84.5,284.305632579498,308
"Pseudacris crucifer",49.25,-84.499722,"Freshwater",NA,"49.25_-84.499722","LPI",49.5,-84.5,284.305632579498,308
"Lithobates sylvaticus",49.25,-84.499722,"Freshwater",NA,"49.25_-84.499722","LPI",49.5,-84.5,284.305632579498,308
"Lithobates pipiens",49.25,-84.499722,"Freshwater",NA,"49.25_-84.499722","LPI",49.5,-84.5,284.305632579498,308
"Esox masquinongy",49.25,-84.499722,"Freshwater",NA,"49.25_-84.499722","LPI",NA,NA,NA,NA
"Ambystoma macrodactylum",49.266667,-122.566667,"Terrestrial",NA,"49.266667_-122.566667","LPI",49.5,-122.5,760.045920017854,171
"Ascaphus truei",49.266667,-122.566667,"Terrestrial",NA,"49.266667_-122.566667","LPI",49.5,-122.5,760.045920017854,171
"Anaxyrus boreas",49.266667,-122.566667,"Terrestrial",NA,"49.266667_-122.566667","LPI",49.5,-122.5,760.045920017854,171
"Lithobates pipiens",49.63306,-110.2,"Terrestrial",NA,"49.63306_-110.2","LPI",49.5,-110.5,974.717069974981,1418
"Ambystoma tigrinum",49.63306,-110.2,"Terrestrial",NA,"49.63306_-110.2","LPI",49.5,-110.5,974.717069974981,1418
"Pimephales promelas",49.668056,-93.733333,"Freshwater",NA,"49.668056_-93.733333","LPI",NA,NA,NA,NA
"Ascaphus truei",49.699167,-123.156111,"Terrestrial",NA,"49.699167_-123.156111","LPI",49.5,-123.5,447.876823539632,12
"Rutilus rutilus",50.06667,13.93333,"Freshwater",NA,"50.06667_13.93333","LPI",NA,NA,NA,NA
"Oncorhynchus kisutch",50.163758,-120.531365,"Freshwater",NA,"50.163758_-120.531365","LPI",NA,NA,NA,NA
"Oncorhynchus mykiss",50.6,-127.4,"Freshwater",NA,"50.6_-127.4","LPI",NA,NA,NA,NA
"Oncorhynchus kisutch",50.73861,-120.61111,"Freshwater",NA,"50.73861_-120.61111","LPI",NA,NA,NA,NA
"Ambystoma macrodactylum",51.063858,-115.369996,"Terrestrial",NA,"51.063858_-115.369996","LPI",51.5,-115.5,1910.73821038529,1601
"Oncorhynchus kisutch",51.379042,-118.944753,"Freshwater",NA,"51.379042_-118.944753","LPI",NA,NA,NA,NA
"Dicentrarchus labrax",51.64861,-2.57417,"Freshwater",NA,"51.64861_-2.57417","LPI",NA,NA,NA,NA
"Gasterosteus aculeatus",51.64861,-2.57417,"Freshwater",NA,"51.64861_-2.57417","LPI",NA,NA,NA,NA
"Carassius auratus",52.35,14.55,"Freshwater",NA,"52.35_14.55","LPI",NA,NA,NA,NA
"Carassius carassius",52.35,14.55,"Freshwater",NA,"52.35_14.55","LPI",NA,NA,NA,NA
"Cyprinus carpio",52.35,14.55,"Freshwater",NA,"52.35_14.55","LPI",NA,NA,NA,NA
"Esox lucius",52.35,14.55,"Freshwater",NA,"52.35_14.55","LPI",NA,NA,NA,NA
"Gasterosteus aculeatus",52.35,14.55,"Freshwater",NA,"52.35_14.55","LPI",NA,NA,NA,NA
"Gobio gobio",52.35,14.55,"Freshwater",NA,"52.35_14.55","LPI",NA,NA,NA,NA
"Gymnocephalus cernua",52.35,14.55,"Freshwater",NA,"52.35_14.55","LPI",NA,NA,NA,NA
"Squalius cephalus",52.35,14.55,"Freshwater",NA,"52.35_14.55","LPI",NA,NA,NA,NA
"Leuciscus idus",52.35,14.55,"Freshwater",NA,"52.35_14.55","LPI",NA,NA,NA,NA
"Perca fluviatilis",52.35,14.55,"Freshwater",NA,"52.35_14.55","LPI",NA,NA,NA,NA
"Rutilus rutilus",52.35,14.55,"Freshwater",NA,"52.35_14.55","LPI",NA,NA,NA,NA
"Scardinius erythrophthalmus",52.35,14.55,"Freshwater",NA,"52.35_14.55","LPI",NA,NA,NA,NA
"Oncorhynchus kisutch",52.51833,-118.31667,"Freshwater",NA,"52.51833_-118.31667","LPI",NA,NA,NA,NA
"Carassius auratus",52.51944,13.36333,"Freshwater",NA,"52.51944_13.36333","LPI",NA,NA,NA,NA
"Esox lucius",52.51944,13.36333,"Freshwater",NA,"52.51944_13.36333","LPI",NA,NA,NA,NA
"Gasterosteus aculeatus",52.51944,13.36333,"Freshwater",NA,"52.51944_13.36333","LPI",NA,NA,NA,NA
"Gobio gobio",52.51944,13.36333,"Freshwater",NA,"52.51944_13.36333","LPI",NA,NA,NA,NA
"Gymnocephalus cernua",52.51944,13.36333,"Freshwater",NA,"52.51944_13.36333","LPI",NA,NA,NA,NA
"Leuciscus idus",52.51944,13.36333,"Freshwater",NA,"52.51944_13.36333","LPI",NA,NA,NA,NA
"Perca fluviatilis",52.51944,13.36333,"Freshwater",NA,"52.51944_13.36333","LPI",NA,NA,NA,NA
"Rutilus rutilus",52.51944,13.36333,"Freshwater",NA,"52.51944_13.36333","LPI",NA,NA,NA,NA
"Scardinius erythrophthalmus",52.51944,13.36333,"Freshwater",NA,"52.51944_13.36333","LPI",NA,NA,NA,NA
"Perca fluviatilis",52.782831,5.327911,"Marine",NA,"52.782831_5.327911","LPI",NA,NA,NA,NA
"Oncorhynchus kisutch",53.13556,-121.18417,"Freshwater",NA,"53.13556_-121.18417","LPI",NA,NA,NA,NA
"Anaxyrus boreas",53.4,-117.58333,"Terrestrial",NA,"53.4_-117.58333","LPI",53.5,-117.5,1282.83527688556,1049
"Ambystoma macrodactylum",53.4,-117.58333,"Terrestrial",NA,"53.4_-117.58333","LPI",53.5,-117.5,1282.83527688556,1049
"Lithobates sylvaticus",53.4,-117.58333,"Terrestrial",NA,"53.4_-117.58333","LPI",53.5,-117.5,1282.83527688556,1049
"Esox lucius",54.12,-3,"Freshwater",NA,"54.12_-3","LPI",NA,NA,NA,NA
"Esox lucius",54.18,-3,"Freshwater",NA,"54.18_-3","LPI",NA,NA,NA,NA
"Perca fluviatilis",54.33333,-2.91667,"Freshwater",NA,"54.33333_-2.91667","LPI",NA,NA,NA,NA
"Salmo trutta",54.34472,-2.95167,"Freshwater",NA,"54.34472_-2.95167","LPI",NA,NA,NA,NA
"Anaxyrus boreas",54.58333,-113.31667,"Terrestrial",NA,"54.58333_-113.31667","LPI",54.5,-113.5,648.465390098071,580
"Lithobates sylvaticus",54.58333,-113.31667,"Terrestrial",NA,"54.58333_-113.31667","LPI",54.5,-113.5,648.465390098071,580
"Coregonus clupeaformis",54.625,-97.77083,"Freshwater",NA,"54.625_-97.77083","LPI",NA,NA,NA,NA
"Sander vitreus",54.625,-97.77083,"Freshwater",NA,"54.625_-97.77083","LPI",NA,NA,NA,NA
"Esox lucius",54.625,-97.77083,"Freshwater",NA,"54.625_-97.77083","LPI",NA,NA,NA,NA
"Coregonus artedi",54.625,-97.77083,"Freshwater",NA,"54.625_-97.77083","LPI",NA,NA,NA,NA
"Catostomus commersonii",54.625,-97.77083,"Freshwater",NA,"54.625_-97.77083","LPI",NA,NA,NA,NA
"Lithobates sylvaticus",55.01667,-113.11667,"Terrestrial",NA,"55.01667_-113.11667","LPI",55.5,-113.5,647.33802620213,645
"Lithobates sylvaticus",55.03333,-111.11667,"Terrestrial",NA,"55.03333_-111.11667","LPI",55.5,-111.5,653.838967230451,626
"Lithobates sylvaticus",55.05,-113.11667,"Terrestrial",NA,"55.05_-113.11667","LPI",55.5,-113.5,647.33802620213,644
"Lithobates sylvaticus",55.2,-119.08306,"Terrestrial",NA,"55.2_-119.08306","LPI",55.5,-119.5,767.469098741979,720
"Anaxyrus boreas",55.457,-114.819,"Terrestrial",NA,"55.457_-114.819","LPI",55.5,-114.5,687.680160028138,729
"Lithobates sylvaticus",55.457,-114.819,"Terrestrial",NA,"55.457_-114.819","LPI",55.5,-114.5,687.680160028138,729
"Oncorhynchus kisutch",55.90667,-159.45667,"Freshwater",NA,"55.90667_-159.45667","LPI",NA,NA,NA,NA
"Oncorhynchus kisutch",55.91278,-159.14556,"Freshwater",NA,"55.91278_-159.14556","LPI",NA,NA,NA,NA
"Oncorhynchus kisutch",56.00806,-159.10083,"Freshwater",NA,"56.00806_-159.10083","LPI",NA,NA,NA,NA
"Salmo trutta",56.41667,-3.66667,"Freshwater",NA,"56.41667_-3.66667","LPI",NA,NA,NA,NA
"Thymallus arcticus",56.675847,-111.12555,"Freshwater",NA,"56.675847_-111.12555","LPI",NA,NA,NA,NA
"Coregonus clupeaformis",56.675847,-111.12555,"Freshwater",NA,"56.675847_-111.12555","LPI",NA,NA,NA,NA
"Couesius plumbeus",56.675847,-111.12555,"Freshwater",NA,"56.675847_-111.12555","LPI",NA,NA,NA,NA
"Esox lucius",56.675847,-111.12555,"Freshwater",NA,"56.675847_-111.12555","LPI",NA,NA,NA,NA
"Notropis hudsonius",56.675847,-111.12555,"Freshwater",NA,"56.675847_-111.12555","LPI",NA,NA,NA,NA
"Sander vitreus",56.675847,-111.12555,"Freshwater",NA,"56.675847_-111.12555","LPI",NA,NA,NA,NA
"Catostomus commersonii",56.675847,-111.12555,"Freshwater",NA,"56.675847_-111.12555","LPI",NA,NA,NA,NA
"Perca flavescens",56.675847,-111.12555,"Freshwater",NA,"56.675847_-111.12555","LPI",NA,NA,NA,NA
"Thymallus arcticus",57.15412,-111.627445,"Freshwater",NA,"57.15412_-111.627445","LPI",NA,NA,NA,NA
"Notropis atherinoides",57.15412,-111.627445,"Freshwater",NA,"57.15412_-111.627445","LPI",NA,NA,NA,NA
"Couesius plumbeus",57.15412,-111.627445,"Freshwater",NA,"57.15412_-111.627445","LPI",NA,NA,NA,NA
"Coregonus clupeaformis",57.15412,-111.627445,"Freshwater",NA,"57.15412_-111.627445","LPI",NA,NA,NA,NA
"Esox lucius",57.15412,-111.627445,"Freshwater",NA,"57.15412_-111.627445","LPI",NA,NA,NA,NA
"Notropis hudsonius",57.15412,-111.627445,"Freshwater",NA,"57.15412_-111.627445","LPI",NA,NA,NA,NA
"Sander vitreus",57.15412,-111.627445,"Freshwater",NA,"57.15412_-111.627445","LPI",NA,NA,NA,NA
"Catostomus commersonii",57.15412,-111.627445,"Freshwater",NA,"57.15412_-111.627445","LPI",NA,NA,NA,NA
"Perca flavescens",57.15412,-111.627445,"Freshwater",NA,"57.15412_-111.627445","LPI",NA,NA,NA,NA
"Salmo trutta",58.03333,7.46667,"Freshwater",NA,"58.03333_7.46667","LPI",NA,NA,NA,NA
"Salmo trutta",58.09528,6.79944,"Freshwater",NA,"58.09528_6.79944","LPI",NA,NA,NA,NA
"Salmo trutta",58.20722,7.33889,"Freshwater",NA,"58.20722_7.33889","LPI",NA,NA,NA,NA
"Salmo trutta",58.31667,6.96667,"Freshwater",NA,"58.31667_6.96667","LPI",NA,NA,NA,NA
"Salmo trutta",58.33333,6.36667,"Freshwater",NA,"58.33333_6.36667","LPI",NA,NA,NA,NA
"Salmo trutta",58.51667,5.8,"Freshwater",NA,"58.51667_5.8","LPI",NA,NA,NA,NA
"Oncorhynchus kisutch",58.51999,-156.5649,"Freshwater",NA,"58.51999_-156.5649","LPI",NA,NA,NA,NA
"Oncorhynchus mykiss",58.51999,-156.5649,"Freshwater",NA,"58.51999_-156.5649","LPI",NA,NA,NA,NA
"Thymallus arcticus",58.51999,-156.5649,"Freshwater",NA,"58.51999_-156.5649","LPI",NA,NA,NA,NA
"Salmo trutta",58.55861,8.36417,"Freshwater",NA,"58.55861_8.36417","LPI",NA,NA,NA,NA
"Salmo trutta",58.58417,6.07361,"Freshwater",NA,"58.58417_6.07361","LPI",NA,NA,NA,NA
"Salmo trutta",58.67833,6.91972,"Freshwater",NA,"58.67833_6.91972","LPI",NA,NA,NA,NA
"Perca fluviatilis",58.76,23.59694,"Freshwater",NA,"58.76_23.59694","LPI",NA,NA,NA,NA
"Rutilus rutilus",58.76,23.59694,"Freshwater",NA,"58.76_23.59694","LPI",NA,NA,NA,NA
"Salmo trutta",58.83333,8,"Freshwater",NA,"58.83333_8","LPI",NA,NA,NA,NA
"Salmo trutta",58.88472,6.20389,"Freshwater",NA,"58.88472_6.20389","LPI",NA,NA,NA,NA
"Salmo trutta",59,6.25,"Freshwater",NA,"59_6.25","LPI",NA,NA,NA,NA
"Salmo trutta",59.33333,5.91667,"Freshwater",NA,"59.33333_5.91667","LPI",NA,NA,NA,NA
"Salmo trutta",59.48333,6.25,"Freshwater",NA,"59.48333_6.25","LPI",NA,NA,NA,NA
"Salmo trutta",59.49444,5.90917,"Freshwater",NA,"59.49444_5.90917","LPI",NA,NA,NA,NA
"Salmo trutta",59.5,5.91667,"Freshwater",NA,"59.5_5.91667","LPI",NA,NA,NA,NA
"Salmo trutta",59.55,6.03333,"Freshwater",NA,"59.55_6.03333","LPI",NA,NA,NA,NA
"Salmo trutta",59.55,9.93333,"Freshwater",NA,"59.55_9.93333","LPI",NA,NA,NA,NA
"Gasterosteus aculeatus",59.56667,-151.66667,"Freshwater",NA,"59.56667_-151.66667","LPI",NA,NA,NA,NA
"Oncorhynchus kisutch",59.56667,-151.66667,"Freshwater",NA,"59.56667_-151.66667","LPI",NA,NA,NA,NA
"Salmo trutta",59.70333,10.52028,"Freshwater",NA,"59.70333_10.52028","LPI",NA,NA,NA,NA
"Salmo trutta",59.74944,10.28528,"Freshwater",NA,"59.74944_10.28528","LPI",NA,NA,NA,NA
"Oncorhynchus kisutch",60.08835,-150.60167,"Freshwater",NA,"60.08835_-150.60167","LPI",NA,NA,NA,NA
"Oncorhynchus kisutch",60.09948,-150.59893,"Freshwater",NA,"60.09948_-150.59893","LPI",NA,NA,NA,NA
"Oncorhynchus kisutch",60.1195,-150.58039,"Freshwater",NA,"60.1195_-150.58039","LPI",NA,NA,NA,NA
"Oncorhynchus kisutch",60.20292,-150.7558,"Freshwater",NA,"60.20292_-150.7558","LPI",NA,NA,NA,NA
"Salmo trutta",60.25,6,"Freshwater",NA,"60.25_6","LPI",NA,NA,NA,NA
"Oncorhynchus kisutch",60.29333,-159.33139,"Freshwater",NA,"60.29333_-159.33139","LPI",NA,NA,NA,NA
"Oncorhynchus kisutch",60.30403,-151.00594,"Freshwater",NA,"60.30403_-151.00594","LPI",NA,NA,NA,NA
"Salmo trutta",60.43333,10.65,"Freshwater",NA,"60.43333_10.65","LPI",NA,NA,NA,NA
"Oncorhynchus kisutch",60.49556,-161.09833,"Freshwater",NA,"60.49556_-161.09833","LPI",NA,NA,NA,NA
"Sander vitreus",60.547405,-117.530636,"Freshwater",NA,"60.547405_-117.530636","LPI",NA,NA,NA,NA
"Salmo trutta",60.63194,6.23861,"Freshwater",NA,"60.63194_6.23861","LPI",NA,NA,NA,NA
"Salmo trutta",60.65,6.11667,"Freshwater",NA,"60.65_6.11667","LPI",NA,NA,NA,NA
"Salmo trutta",60.65,6.43333,"Freshwater",NA,"60.65_6.43333","LPI",NA,NA,NA,NA
"Salmo trutta",60.68333,6.83333,"Freshwater",NA,"60.68333_6.83333","LPI",NA,NA,NA,NA
"Salmo trutta",60.82056,6.30028,"Freshwater",NA,"60.82056_6.30028","LPI",NA,NA,NA,NA
"Salmo trutta",60.85,12.31667,"Freshwater",NA,"60.85_12.31667","LPI",NA,NA,NA,NA
"Salmo trutta",60.87861,5.27583,"Freshwater",NA,"60.87861_5.27583","LPI",NA,NA,NA,NA
"Oncorhynchus kisutch",60.91667,-141.08333,"Freshwater",NA,"60.91667_-141.08333","LPI",NA,NA,NA,NA
"Oncorhynchus kisutch",60.91667,-151.06667,"Freshwater",NA,"60.91667_-151.06667","LPI",NA,NA,NA,NA
"Oncorhynchus kisutch",61.03333,-160.58333,"Freshwater",NA,"61.03333_-160.58333","LPI",NA,NA,NA,NA
"Salmo trutta",61.22417,10.4275,"Freshwater",NA,"61.22417_10.4275","LPI",NA,NA,NA,NA
"Salmo trutta",61.25861,7.15694,"Freshwater",NA,"61.25861_7.15694","LPI",NA,NA,NA,NA
"Salmo trutta",61.2925,7.47806,"Freshwater",NA,"61.2925_7.47806","LPI",NA,NA,NA,NA
"Salmo trutta",61.31667,5.36667,"Freshwater",NA,"61.31667_5.36667","LPI",NA,NA,NA,NA
"Salmo trutta",61.345,6.13333,"Freshwater",NA,"61.345_6.13333","LPI",NA,NA,NA,NA
"Oncorhynchus kisutch",61.35083,-150.74556,"Freshwater",NA,"61.35083_-150.74556","LPI",NA,NA,NA,NA
"Salmo trutta",61.40444,7.91389,"Freshwater",NA,"61.40444_7.91389","LPI",NA,NA,NA,NA
"Salmo trutta",61.5,6.83333,"Freshwater",NA,"61.5_6.83333","LPI",NA,NA,NA,NA
"Salvelinus alpinus",61.87556,10.17694,"Freshwater",NA,"61.87556_10.17694","LPI",NA,NA,NA,NA
"Oncorhynchus kisutch",62.11667,-162.8,"Freshwater",NA,"62.11667_-162.8","LPI",NA,NA,NA,NA
"Perca fluviatilis",62.11667,27.68333,"Freshwater",NA,"62.11667_27.68333","LPI",NA,NA,NA,NA
"Rutilus rutilus",62.66667,29.55,"Freshwater",NA,"62.66667_29.55","LPI",NA,NA,NA,NA
"Gymnocephalus cernua",62.66667,29.55,"Freshwater",NA,"62.66667_29.55","LPI",NA,NA,NA,NA
"Oncorhynchus kisutch",63.1825,-146.02806,"Freshwater",NA,"63.1825_-146.02806","LPI",NA,NA,NA,NA
"Oncorhynchus kisutch",63.1825,-164.02806,"Freshwater",NA,"63.1825_-164.02806","LPI",NA,NA,NA,NA
"Salmo trutta",63.26667,10.5,"Freshwater",NA,"63.26667_10.5","LPI",NA,NA,NA,NA
"Salmo trutta",63.38333,10.4,"Freshwater",NA,"63.38333_10.4","LPI",NA,NA,NA,NA
"Salvelinus alpinus",63.38333,10.4,"Freshwater",NA,"63.38333_10.4","LPI",NA,NA,NA,NA
"Salmo trutta",63.43333,10.41667,"Freshwater",NA,"63.43333_10.41667","LPI",NA,NA,NA,NA
"Salvelinus alpinus",63.43333,10.41667,"Freshwater",NA,"63.43333_10.41667","LPI",NA,NA,NA,NA
"Oncorhynchus kisutch",63.60111,-150.91722,"Freshwater",NA,"63.60111_-150.91722","LPI",NA,NA,NA,NA
"Oncorhynchus kisutch",63.75,-166.88333,"Marine",NA,"63.75_-166.88333","LPI",NA,NA,NA,NA
"Oncorhynchus kisutch",64.085,-145.57917,"Freshwater",NA,"64.085_-145.57917","LPI",NA,NA,NA,NA
"Oncorhynchus kisutch",64.43583,-149.18528,"Freshwater",NA,"64.43583_-149.18528","LPI",NA,NA,NA,NA
"Oncorhynchus kisutch",64.55389,-149.13333,"Freshwater",NA,"64.55389_-149.13333","LPI",NA,NA,NA,NA
"Salvelinus alpinus",65.5,-66,"Marine",NA,"65.5_-66","LPI",NA,NA,NA,NA
"Salvelinus alpinus",65.58333,-17,"Freshwater",NA,"65.58333_-17","LPI",NA,NA,NA,NA
"Gasterosteus aculeatus",66.70861,33.27722,"Freshwater",NA,"66.70861_33.27722","LPI",NA,NA,NA,NA
"Salmo trutta",66.83167,15.36056,"Freshwater",NA,"66.83167_15.36056","LPI",NA,NA,NA,NA
"Salmo trutta",69.94778,23.27528,"Freshwater",NA,"69.94778_23.27528","LPI",NA,NA,NA,NA
"Salvelinus alpinus",69.94778,23.27528,"Freshwater",NA,"69.94778_23.27528","LPI",NA,NA,NA,NA
"Thymallus arcticus",70.18083,-148.04556,"Freshwater",NA,"70.18083_-148.04556","LPI",NA,NA,NA,NA
"Osmerus mordax",70.18083,-148.04556,"Freshwater",NA,"70.18083_-148.04556","LPI",NA,NA,NA,NA
"Salvelinus alpinus",71.205,-116.625,"Freshwater",NA,"71.205_-116.625","LPI",NA,NA,NA,NA
"Ischnura elegans",52.4333333333333,-0.183333333333333,"Freshwater",411,"52.4333333333333_-0.183333333333333","GPDD",NA,NA,NA,NA
"Ischnura elegans",52.4333333333333,-0.183333333333333,"Freshwater",411,"52.4333333333333_-0.183333333333333","GPDD",NA,NA,NA,NA
"Dicentrarchus labrax",51.25,-4.05,"Freshwater",83,"51.25_-4.05","GPDD",NA,NA,NA,NA
"Dicentrarchus labrax",51.25,-4.05,"Freshwater",83,"51.25_-4.05","GPDD",NA,NA,NA,NA
"Perca fluviatilis",54.3333333333333,-2.91666666666667,"Freshwater",1041,"54.3333333333333_-2.91666666666667","GPDD",NA,NA,NA,NA
"Perca fluviatilis",54.3333333333333,-2.91666666666667,"Freshwater",1042,"54.3333333333333_-2.91666666666667","GPDD",NA,NA,NA,NA
"Perca fluviatilis",54.3333333333333,-2.91666666666667,"Freshwater",1043,"54.3333333333333_-2.91666666666667","GPDD",NA,NA,NA,NA
"Perca fluviatilis",54.3,-3,"Freshwater",10222,"54.3_-3","GPDD",NA,NA,NA,NA
"Esox lucius",54.3,-3,"Freshwater",10222,"54.3_-3","GPDD",NA,NA,NA,NA
"Perca fluviatilis",54.3333333333333,-2.91666666666667,"Freshwater",416,"54.3333333333333_-2.91666666666667","GPDD",NA,NA,NA,NA
"Esox lucius",54.3333333333333,-2.91666666666667,"Freshwater",416,"54.3333333333333_-2.91666666666667","GPDD",NA,NA,NA,NA
"Salmo trutta",54.3333333333333,-2.88333333333333,"Freshwater",10545,"54.3333333333333_-2.88333333333333","GPDD",NA,NA,NA,NA
"Calathus melanocephalus",52.8166666666667,6.36666666666667,"Terrestrial",10644,"52.8166666666667_6.36666666666667","GPDD",52.5,6.5,14.4513969278169,17
"Calathus melanocephalus",52.8166666666667,6.36666666666667,"Terrestrial",10645,"52.8166666666667_6.36666666666667","GPDD",52.5,6.5,14.4513969278169,17
"Calathus melanocephalus",52.8166666666667,6.36666666666667,"Terrestrial",10646,"52.8166666666667_6.36666666666667","GPDD",52.5,6.5,14.4513969278169,17
"Calathus melanocephalus",52.8166666666667,6.36666666666667,"Terrestrial",10647,"52.8166666666667_6.36666666666667","GPDD",52.5,6.5,14.4513969278169,17
"Salmo trutta",56.4166666666667,-3.66666666666667,"Freshwater",10673,"56.4166666666667_-3.66666666666667","GPDD",NA,NA,NA,NA
"Alosa pseudoharengus",44.1666666666667,-69.45,"Freshwater",10000,"44.1666666666667_-69.45","GPDD",NA,NA,NA,NA
"Alosa pseudoharengus",43.5,-78,"Freshwater",10001,"43.5_-78","GPDD",NA,NA,NA,NA
"Alosa pseudoharengus",45.9166666666667,-66.8666666666667,"Freshwater",10002,"45.9166666666667_-66.8666666666667","GPDD",NA,NA,NA,NA
"Salvelinus fontinalis",37.1666666666667,-118.666666666667,"Freshwater",10038,"37.1666666666667_-118.666666666667","GPDD",NA,NA,NA,NA
"Salvelinus fontinalis",37.2166666666667,-118.683333333333,"Freshwater",10040,"37.2166666666667_-118.683333333333","GPDD",NA,NA,NA,NA
"Salvelinus fontinalis",36.75,-118.383333333333,"Freshwater",10042,"36.75_-118.383333333333","GPDD",NA,NA,NA,NA
"Salvelinus fontinalis",37.1333333333333,-118.75,"Freshwater",10044,"37.1333333333333_-118.75","GPDD",NA,NA,NA,NA
"Salvelinus fontinalis",37.15,-118.716666666667,"Freshwater",10045,"37.15_-118.716666666667","GPDD",NA,NA,NA,NA
"Salvelinus fontinalis",44.55,-83.8833333333333,"Freshwater",10048,"44.55_-83.8833333333333","GPDD",NA,NA,NA,NA
"Salvelinus fontinalis",38.1666666666667,-119.35,"Freshwater",10049,"38.1666666666667_-119.35","GPDD",NA,NA,NA,NA
"Salvelinus fontinalis",37.25,-118.7,"Freshwater",10051,"37.25_-118.7","GPDD",NA,NA,NA,NA
"Oncorhynchus kisutch",47.3666666666667,-122.683333333333,"Freshwater",10068,"47.3666666666667_-122.683333333333","GPDD",NA,NA,NA,NA
"Perca fluviatilis",52.5,5.25,"Marine",10108,"52.5_5.25","GPDD",NA,NA,NA,NA
"Mugil cephalus",22.75,121,"Freshwater",10116,"22.75_121","GPDD",NA,NA,NA,NA
"Notemigonus crysoleucas",43.6666666666667,-79.5,"Freshwater",10117,"43.6666666666667_-79.5","GPDD",NA,NA,NA,NA
"Coregonus clupeaformis",45,-82,"Freshwater",10192,"45_-82","GPDD",NA,NA,NA,NA
"Rutilus rutilus",0,0,"Freshwater",10323,"0_0","GPDD",NA,NA,NA,NA
"Sardinops sagax",-35,20,"Freshwater",10328,"-35_20","GPDD",NA,NA,NA,NA
"Sardinops sagax",37,-119,"Freshwater",35,"37_-119","GPDD",NA,NA,NA,NA
"Sardinops sagax",35,140,"Freshwater",10341,"35_140","GPDD",NA,NA,NA,NA
"Sardinops sagax",-21,-70.5,"Marine",10133,"-21_-70.5","GPDD",NA,NA,NA,NA
"Oncorhynchus mykiss",-50.6,127.4,"Marine",10444,"-50.6_127.4","GPDD",NA,NA,NA,NA
"Esox lucius",54.3333333333333,-2.95,"Freshwater",10110,"54.3333333333333_-2.95","GPDD",NA,NA,NA,NA
"Gasterosteus aculeatus",51.25,-4.05,"Freshwater",83,"51.25_-4.05","GPDD",NA,NA,NA,NA
"Gasterosteus aculeatus",51.25,-4.05,"Freshwater",83,"51.25_-4.05","GPDD",NA,NA,NA,NA
"Notophthalmus viridescens",33.3,-81.485,"Terrestrial",10877,"33.3_-81.485","GPDD",33.5,-81.5,97.1778823462229,109
"Plethodon jordani",35.55,-83.2,"Terrestrial",10878,"35.55_-83.2","GPDD",35.5,-83.5,780.733758088476,1141
"Plethodon glutinosus",35.55,-83.2,"Terrestrial",10878,"35.55_-83.2","GPDD",35.5,-83.5,780.733758088476,1141
"Plethodon cinereus",38.5,-78.4,"Terrestrial",10880,"38.5_-78.4","GPDD",38.5,-78.5,349.085566302508,805
"Desmognathus quadramaculatus",35.05,-83.27,"Terrestrial",10879,"35.05_-83.27","GPDD",35.5,-83.5,780.733758088476,1217
"Desmognathus ochrophaeus",35.05,-83.27,"Terrestrial",10879,"35.05_-83.27","GPDD",35.5,-83.5,780.733758088476,1217
"Pseudacris regilla",41,-118.75,"Terrestrial",10881,"41_-118.75","GPDD",40.5,-118.5,1443.12140130607,1194
"Pseudacris crucifer",33.3,-81.485,"Terrestrial",10877,"33.3_-81.485","GPDD",33.5,-81.5,97.1778823462229,109
"Oncorhynchus kisutch",48.65,-121.75,"Freshwater",10895,"48.65_-121.75","GPDD",NA,NA,NA,NA
